Workbook

Sheet L18 Combined Loads Bearings
B2: INPUTS | C2: Units: | D2: Metric | H2: OUTPUTS | S2: Tables
B4: Bearing Design | H4: Initial Rated Load, C10, Fa = 0 | K4: =($C$19*$C$9*C16)*($C$32/($C$29+($C$30-$C$29)*(LN($C$6^-1))^(1/$C$31)))^(1/$C$11) -> 23.568082 | L4: kN | T4: Table 11-6 | Z4: Table 11-2 | AK4: Table 11-1
B5: Bearing Brand | C5: SKF | H5: C10 From Table 11.2, Fa = 0 | K5: =IF($C$7="Deep Groove", SMALL($AF$8:$AF$27,COUNTIF($AF$8:$AF$27,"<"&K4)+1), IF($C$7="Angular", SMALL($AH$8:$AH$27,COUNTIF($AH$8:$AH$27,"<"&K4)+1), IF($C$7="02-Series", SMALL($AC$62:$AC$82,COUNTIF($AC$62:$AC$82,"<"&K4)+1), IF($C$7="03-Series", SMALL($AG$62:$AG$82,COUNTIF($AG$62:$AG$82,"<"&K4)+1), NA())))) -> 25.5 | L5: kN | T5: Manufacturer | U5: Rating Life (revs) | V5: x0 | W5: θ | X5: b | Z5: Bore | AA5: OD | AB5: Width | AC5: Fillet Radius | AD5: Shoulder | AF5: Load Ratings | AK5: Fa/C0 | AL5: e | AM5: Fa/(VFr) <= e | AO5: Fa/(VFr) > e
B6: Design Reliability, RD | C6: 0.99 | E6: must be greater than 90% | H6: C0 From Table 11.2, Fa = 0 | K6: =IF($C$7="Deep Groove",VLOOKUP(K5,$AF$8:$AG$27,2,FALSE), IF($C$7="Angular", VLOOKUP(K5,$AH$8:$AI$27,2,FALSE), IF($C$7="02-Series", VLOOKUP(K5,$AC$62:$AD$82,2,FALSE), IF($C$7="03-Series", VLOOKUP(K5,$AG$62:$AH$82,2,FALSE), NA())))) -> 13.7 | L6: kN | T6: TIMKEN | U6: =90*10^6 -> 90000000 | V6: 0 | W6: 4.48 | X6: 1.5 | AD6: Diameter | AF6: Deep Groove | AH6: Angular | AM6: X1 | AN6: Y1 | AO6: X2 | AP6: Y2
B7: Contact Type | C7: Deep Groove | H7: Fa/C0 | K7: =$C$18/K6 -> 0.072992701 | T7: SKF | U7: =1*10^6 -> 1000000 | V7: 0.02 | W7: 4.459 | X7: 1.483 | AD7: ds | AE7: dh | AF7: C10 | AG7: C0 | AH7: C10 | AI7: C0 | AK7: 0.014 | AL7: 0.19 | AM7: 1 | AN7: 0 | AO7: 0.56 | AP7: 2.3
B8: Which Ring Rotates | C8: Outer Ring | Z8: 10 | AA8: 30 | AB8: 9 | AC8: 0.6 | AD8: 12.5 | AE8: 27 | AF8: 5.07 | AG8: 2.24 | AH8: 4.94 | AI8: 2.12 | AK8: 0.021 | AL8: 0.21 | AM8: 1 | AN8: 0 | AO8: 0.56 | AP8: 2.15
B9: Rotating Ring Correction Factor, Vr | C9: =IF(C8="Inner Ring", 1, 1.2) -> 1.2 | H9: Iteration Table for C0 value | Z9: 12 | AA9: 32 | AB9: 10 | AC9: 0.6 | AD9: 14.5 | AE9: 28 | AF9: 6.89 | AG9: 3.1 | AH9: 7.02 | AI9: 3.05 | AK9: 0.028 | AL9: 0.22 | AM9: 1 | AN9: 0 | AO9: 0.56 | AP9: 1.99
B10: Bearing Type | C10: Ball | H10: Itteration # | I10: Fa/C0 | J10: Fa/(VFr) | K10: e | L10: X | M10: Y | N10: FE [kN] | O10: Updated Search C10 [kN] | P10: Updated C10 [kN] | Q10: Updated C0 [kN] | Z10: 15 | AA10: 35 | AB10: 11 | AC10: 0.6 | AD10: 17.5 | AE10: 31 | AF10: 7.8 | AG10: 3.55 | AH10: 8.06 | AI10: 3.65 | AK10: 0.042 | AL10: 0.24 | AM10: 1 | AN10: 0 | AO10: 0.56 | AP10: 1.85
B11: Power Law Exponent, a | C11: =IF(F12,C12,IF(C10="Ball", 3, 10/3)) -> 3 | H11: 0 | I11: =IF($C$18/K6 < 0.014, 0.014, $C$18/K6) -> 0.072992701 | J11: =$C$18/($C$9*$C$16) -> 0.46451133 | K11: =0.506467531924409*(I11)^0.23203728471849 -> 0.27592437 | L11: =IF(J11<=K11,1,0.56) -> 0.56 | M11: =IF(J11<=K11,0,0.863191147423464*(I11)^(-0.234866270653838)) -> 1.5961889 | N11: =L11*$C$9*$C$16 + M11*$C$18 -> 2.8017569 | O11: =($C$19*N11)*($C$32/($C$29+($C$30-$C$29)*(LN($C$6^-1))^(1/$C$31)))^(1/$C$11) -> 30.67263 | P11: =IF($C$7="Deep Groove", SMALL($AF$8:$AF$27,COUNTIF($AF$8:$AF$27,"<"&O11)+1), IF($C$7="Angular", SMALL($AH$8:$AH$27,COUNTIF($AH$8:$AH$27,"<"&O11)+1), IF($C$7="02-Series", SMALL($AC$62:$AC$82,COUNTIF($AC$62:$AC$82,"<"&O11)+1), IF($C$7="03-Series", SMALL($AG$62:$AG$82,COUNTIF($AG$62:$AG$82,"<"&O11)+1), NA())))) -> 30.7 | Q11: =IF($C$7="Deep Groove",VLOOKUP(P11,$AF$8:$AG$27,2,FALSE), IF($C$7="Angular", VLOOKUP(P11,$AH$8:$AI$27,2,FALSE), IF($C$7="02-Series", VLOOKUP(P11,$AC$62:$AD$82,2,FALSE), IF($C$7="03-Series", VLOOKUP(P11,$AG$62:$AH$82,2,FALSE), NA())))) -> 16.6 | Z11: 17 | AA11: 40 | AB11: 12 | AC11: 0.6 | AD11: 19.5 | AE11: 34 | AF11: 9.56 | AG11: 4.5 | AH11: 9.95 | AI11: 4.75 | AK11: 0.056 | AL11: 0.26 | AM11: 1 | AN11: 0 | AO11: 0.56 | AP11: 1.71
E12: Override a | F12: FALSE | H12: 1 | I12: =IF($C$18/Q11 < 0.014, 0.014, $C$18/Q11) -> 0.060240964 | J12: =$C$18/($C$9*$C$16) -> 0.46451133 | K12: =0.506467531924409*(I12)^0.23203728471849 -> 0.263901 | L12: =IF(J12<=K12,1,0.56) -> 0.56 | M12: =IF(J12<=K12,0,0.863191147423464*(I12)^(-0.234866270653838)) -> 1.6698183 | N12: =L12*$C$9*$C$16 + M12*$C$18 -> 2.8753863 | O12: =($C$19*N12)*($C$32/($C$29+($C$30-$C$29)*(LN($C$6^-1))^(1/$C$31)))^(1/$C$11) -> 31.478698 | P12: =IF($C$7="Deep Groove", SMALL($AF$8:$AF$27,COUNTIF($AF$8:$AF$27,"<"&O12)+1), IF($C$7="Angular", SMALL($AH$8:$AH$27,COUNTIF($AH$8:$AH$27,"<"&O12)+1), IF($C$7="02-Series", SMALL($AC$62:$AC$82,COUNTIF($AC$62:$AC$82,"<"&O12)+1), IF($C$7="03-Series", SMALL($AG$62:$AG$82,COUNTIF($AG$62:$AG$82,"<"&O12)+1), NA())))) -> 33.2 | Q12: =IF($C$7="Deep Groove",VLOOKUP(P12,$AF$8:$AG$27,2,FALSE), IF($C$7="Angular", VLOOKUP(P12,$AH$8:$AI$27,2,FALSE), IF($C$7="02-Series", VLOOKUP(P12,$AC$62:$AD$82,2,FALSE), IF($C$7="03-Series", VLOOKUP(P12,$AG$62:$AH$82,2,FALSE), NA())))) -> 18.6 | Z12: 20 | AA12: 47 | AB12: 14 | AC12: 1 | AD12: 25 | AE12: 41 | AF12: 12.7 | AG12: 6.2 | AH12: 13.3 | AI12: 6.55 | AK12: 0.07 | AL12: 0.27 | AM12: 1 | AN12: 0 | AO12: 0.56 | AP12: 1.63
H13: 2 | I13: =IF($C$18/Q12 < 0.014, 0.014, $C$18/Q12) -> 0.053763441 | J13: =$C$18/($C$9*$C$16) -> 0.46451133 | K13: =0.506467531924409*(I13)^0.23203728471849 -> 0.25702613 | L13: =IF(J13<=K13,1,0.56) -> 0.56 | M13: =IF(J13<=K13,0,0.863191147423464*(I13)^(-0.234866270653838)) -> 1.7150341 | N13: =L13*$C$9*$C$16 + M13*$C$18 -> 2.9206021 | O13: =($C$19*N13)*($C$32/($C$29+($C$30-$C$29)*(LN($C$6^-1))^(1/$C$31)))^(1/$C$11) -> 31.973704 | P13: =IF($C$7="Deep Groove", SMALL($AF$8:$AF$27,COUNTIF($AF$8:$AF$27,"<"&O13)+1), IF($C$7="Angular", SMALL($AH$8:$AH$27,COUNTIF($AH$8:$AH$27,"<"&O13)+1), IF($C$7="02-Series", SMALL($AC$62:$AC$82,COUNTIF($AC$62:$AC$82,"<"&O13)+1), IF($C$7="03-Series", SMALL($AG$62:$AG$82,COUNTIF($AG$62:$AG$82,"<"&O13)+1), NA())))) -> 33.2 | Q13: =IF($C$7="Deep Groove",VLOOKUP(P13,$AF$8:$AG$27,2,FALSE), IF($C$7="Angular", VLOOKUP(P13,$AH$8:$AI$27,2,FALSE), IF($C$7="02-Series", VLOOKUP(P13,$AC$62:$AD$82,2,FALSE), IF($C$7="03-Series", VLOOKUP(P13,$AG$62:$AH$82,2,FALSE), NA())))) -> 18.6 | Z13: 25 | AA13: 52 | AB13: 15 | AC13: 1 | AD13: 30 | AE13: 47 | AF13: 14 | AG13: 6.95 | AH13: 14.8 | AI13: 7.65 | AK13: 0.084 | AL13: 0.28 | AM13: 1 | AN13: 0 | AO13: 0.56 | AP13: 1.55
B14: Bearing Loads | H14: 3 | I14: =IF($C$18/Q13 < 0.014, 0.014, $C$18/Q13) -> 0.053763441 | J14: =$C$18/($C$9*$C$16) -> 0.46451133 | K14: =0.506467531924409*(I14)^0.23203728471849 -> 0.25702613 | L14: =IF(J14<=K14,1,0.56) -> 0.56 | M14: =IF(J14<=K14,0,0.863191147423464*(I14)^(-0.234866270653838)) -> 1.7150341 | N14: =L14*$C$9*$C$16 + M14*$C$18 -> 2.9206021 | O14: =($C$19*N14)*($C$32/($C$29+($C$30-$C$29)*(LN($C$6^-1))^(1/$C$31)))^(1/$C$11) -> 31.973704 | P14: =IF($C$7="Deep Groove", SMALL($AF$8:$AF$27,COUNTIF($AF$8:$AF$27,"<"&O14)+1), IF($C$7="Angular", SMALL($AH$8:$AH$27,COUNTIF($AH$8:$AH$27,"<"&O14)+1), IF($C$7="02-Series", SMALL($AC$62:$AC$82,COUNTIF($AC$62:$AC$82,"<"&O14)+1), IF($C$7="03-Series", SMALL($AG$62:$AG$82,COUNTIF($AG$62:$AG$82,"<"&O14)+1), NA())))) -> 33.2 | Q14: =IF($C$7="Deep Groove",VLOOKUP(P14,$AF$8:$AG$27,2,FALSE), IF($C$7="Angular", VLOOKUP(P14,$AH$8:$AI$27,2,FALSE), IF($C$7="02-Series", VLOOKUP(P14,$AC$62:$AD$82,2,FALSE), IF($C$7="03-Series", VLOOKUP(P14,$AG$62:$AH$82,2,FALSE), NA())))) -> 18.6 | Z14: 30 | AA14: 62 | AB14: 16 | AC14: 1 | AD14: 35 | AE14: 55 | AF14: 19.5 | AG14: 10 | AH14: 20.3 | AI14: 11 | AK14: 0.11 | AL14: 0.3 | AM14: 1 | AN14: 0 | AO14: 0.56 | AP14: 1.45
B15: Input Radial Load, Fr | C15: 1.794 | D15: =IF($D$2="English","klbf", "kN") -> kN | H15: 4 | I15: =IF($C$18/Q14 < 0.014, 0.014, $C$18/Q14) -> 0.053763441 | J15: =$C$18/($C$9*$C$16) -> 0.46451133 | K15: =0.506467531924409*(I15)^0.23203728471849 -> 0.25702613 | L15: =IF(J15<=K15,1,0.56) -> 0.56 | M15: =IF(J15<=K15,0,0.863191147423464*(I15)^(-0.234866270653838)) -> 1.7150341 | N15: =L15*$C$9*$C$16 + M15*$C$18 -> 2.9206021 | O15: =($C$19*N15)*($C$32/($C$29+($C$30-$C$29)*(LN($C$6^-1))^(1/$C$31)))^(1/$C$11) -> 31.973704 | P15: =IF($C$7="Deep Groove", SMALL($AF$8:$AF$27,COUNTIF($AF$8:$AF$27,"<"&O15)+1), IF($C$7="Angular", SMALL($AH$8:$AH$27,COUNTIF($AH$8:$AH$27,"<"&O15)+1), IF($C$7="02-Series", SMALL($AC$62:$AC$82,COUNTIF($AC$62:$AC$82,"<"&O15)+1), IF($C$7="03-Series", SMALL($AG$62:$AG$82,COUNTIF($AG$62:$AG$82,"<"&O15)+1), NA())))) -> 33.2 | Q15: =IF($C$7="Deep Groove",VLOOKUP(P15,$AF$8:$AG$27,2,FALSE), IF($C$7="Angular", VLOOKUP(P15,$AH$8:$AI$27,2,FALSE), IF($C$7="02-Series", VLOOKUP(P15,$AC$62:$AD$82,2,FALSE), IF($C$7="03-Series", VLOOKUP(P15,$AG$62:$AH$82,2,FALSE), NA())))) -> 18.6 | Z15: 35 | AA15: 72 | AB15: 17 | AC15: 1 | AD15: 41 | AE15: 65 | AF15: 25.5 | AG15: 13.7 | AH15: 27 | AI15: 15 | AK15: 0.17 | AL15: 0.34 | AM15: 1 | AN15: 0 | AO15: 0.56 | AP15: 1.31
C16: =IF($D$2="English",C15*4.448, C15) -> 1.794 | D16: kN | H16: 5 | I16: =IF($C$18/Q15 < 0.014, 0.014, $C$18/Q15) -> 0.053763441 | J16: =$C$18/($C$9*$C$16) -> 0.46451133 | K16: =0.506467531924409*(I16)^0.23203728471849 -> 0.25702613 | L16: =IF(J16<=K16,1,0.56) -> 0.56 | M16: =IF(J16<=K16,0,0.863191147423464*(I16)^(-0.234866270653838)) -> 1.7150341 | N16: =L16*$C$9*$C$16 + M16*$C$18 -> 2.9206021 | O16: =($C$19*N16)*($C$32/($C$29+($C$30-$C$29)*(LN($C$6^-1))^(1/$C$31)))^(1/$C$11) -> 31.973704 | P16: =IF($C$7="Deep Groove", SMALL($AF$8:$AF$27,COUNTIF($AF$8:$AF$27,"<"&O16)+1), IF($C$7="Angular", SMALL($AH$8:$AH$27,COUNTIF($AH$8:$AH$27,"<"&O16)+1), IF($C$7="02-Series", SMALL($AC$62:$AC$82,COUNTIF($AC$62:$AC$82,"<"&O16)+1), IF($C$7="03-Series", SMALL($AG$62:$AG$82,COUNTIF($AG$62:$AG$82,"<"&O16)+1), NA())))) -> 33.2 | Q16: =IF($C$7="Deep Groove",VLOOKUP(P16,$AF$8:$AG$27,2,FALSE), IF($C$7="Angular", VLOOKUP(P16,$AH$8:$AI$27,2,FALSE), IF($C$7="02-Series", VLOOKUP(P16,$AC$62:$AD$82,2,FALSE), IF($C$7="03-Series", VLOOKUP(P16,$AG$62:$AH$82,2,FALSE), NA())))) -> 18.6 | Z16: 40 | AA16: 80 | AB16: 18 | AC16: 1 | AD16: 46 | AE16: 72 | AF16: 30.7 | AG16: 16.6 | AH16: 31.9 | AI16: 18.6 | AK16: 0.28 | AL16: 0.38 | AM16: 1 | AN16: 0 | AO16: 0.56 | AP16: 1.15
B17: Input Axial Load, FA | C17: 1 | D17: =IF($D$2="English","klbf", "kN") -> kN | H17: 6 | I17: =IF($C$18/Q16 < 0.014, 0.014, $C$18/Q16) -> 0.053763441 | J17: =$C$18/($C$9*$C$16) -> 0.46451133 | K17: =0.506467531924409*(I17)^0.23203728471849 -> 0.25702613 | L17: =IF(J17<=K17,1,0.56) -> 0.56 | M17: =IF(J17<=K17,0,0.863191147423464*(I17)^(-0.234866270653838)) -> 1.7150341 | N17: =L17*$C$9*$C$16 + M17*$C$18 -> 2.9206021 | O17: =($C$19*N17)*($C$32/($C$29+($C$30-$C$29)*(LN($C$6^-1))^(1/$C$31)))^(1/$C$11) -> 31.973704 | P17: =IF($C$7="Deep Groove", SMALL($AF$8:$AF$27,COUNTIF($AF$8:$AF$27,"<"&O17)+1), IF($C$7="Angular", SMALL($AH$8:$AH$27,COUNTIF($AH$8:$AH$27,"<"&O17)+1), IF($C$7="02-Series", SMALL($AC$62:$AC$82,COUNTIF($AC$62:$AC$82,"<"&O17)+1), IF($C$7="03-Series", SMALL($AG$62:$AG$82,COUNTIF($AG$62:$AG$82,"<"&O17)+1), NA())))) -> 33.2 | Q17: =IF($C$7="Deep Groove",VLOOKUP(P17,$AF$8:$AG$27,2,FALSE), IF($C$7="Angular", VLOOKUP(P17,$AH$8:$AI$27,2,FALSE), IF($C$7="02-Series", VLOOKUP(P17,$AC$62:$AD$82,2,FALSE), IF($C$7="03-Series", VLOOKUP(P17,$AG$62:$AH$82,2,FALSE), NA())))) -> 18.6 | Z17: 45 | AA17: 85 | AB17: 19 | AC17: 1 | AD17: 52 | AE17: 77 | AF17: 33.2 | AG17: 18.6 | AH17: 35.8 | AI17: 21.2 | AK17: 0.42 | AL17: 0.42 | AM17: 1 | AN17: 0 | AO17: 0.56 | AP17: 1.04
C18: =IF($D$2="English",C17*4.448, C17) -> 1 | D18: kN | H18: 7 | I18: =IF($C$18/Q17 < 0.014, 0.014, $C$18/Q17) -> 0.053763441 | J18: =$C$18/($C$9*$C$16) -> 0.46451133 | K18: =0.506467531924409*(I18)^0.23203728471849 -> 0.25702613 | L18: =IF(J18<=K18,1,0.56) -> 0.56 | M18: =IF(J18<=K18,0,0.863191147423464*(I18)^(-0.234866270653838)) -> 1.7150341 | N18: =L18*$C$9*$C$16 + M18*$C$18 -> 2.9206021 | O18: =($C$19*N18)*($C$32/($C$29+($C$30-$C$29)*(LN($C$6^-1))^(1/$C$31)))^(1/$C$11) -> 31.973704 | P18: =IF($C$7="Deep Groove", SMALL($AF$8:$AF$27,COUNTIF($AF$8:$AF$27,"<"&O18)+1), IF($C$7="Angular", SMALL($AH$8:$AH$27,COUNTIF($AH$8:$AH$27,"<"&O18)+1), IF($C$7="02-Series", SMALL($AC$62:$AC$82,COUNTIF($AC$62:$AC$82,"<"&O18)+1), IF($C$7="03-Series", SMALL($AG$62:$AG$82,COUNTIF($AG$62:$AG$82,"<"&O18)+1), NA())))) -> 33.2 | Q18: =IF($C$7="Deep Groove",VLOOKUP(P18,$AF$8:$AG$27,2,FALSE), IF($C$7="Angular", VLOOKUP(P18,$AH$8:$AI$27,2,FALSE), IF($C$7="02-Series", VLOOKUP(P18,$AC$62:$AD$82,2,FALSE), IF($C$7="03-Series", VLOOKUP(P18,$AG$62:$AH$82,2,FALSE), NA())))) -> 18.6 | Z18: 50 | AA18: 90 | AB18: 20 | AC18: 1 | AD18: 56 | AE18: 82 | AF18: 35.1 | AG18: 19.6 | AH18: 37.7 | AI18: 22.8 | AK18: 0.56 | AL18: 0.44 | AM18: 1 | AN18: 0 | AO18: 0.56 | AP18: 1
B19: Load Application Factor, af | C19: 1.4 | H19: 8 | I19: =IF($C$18/Q18 < 0.014, 0.014, $C$18/Q18) -> 0.053763441 | J19: =$C$18/($C$9*$C$16) -> 0.46451133 | K19: =0.506467531924409*(I19)^0.23203728471849 -> 0.25702613 | L19: =IF(J19<=K19,1,0.56) -> 0.56 | M19: =IF(J19<=K19,0,0.863191147423464*(I19)^(-0.234866270653838)) -> 1.7150341 | N19: =L19*$C$9*$C$16 + M19*$C$18 -> 2.9206021 | O19: =($C$19*N19)*($C$32/($C$29+($C$30-$C$29)*(LN($C$6^-1))^(1/$C$31)))^(1/$C$11) -> 31.973704 | P19: =IF($C$7="Deep Groove", SMALL($AF$8:$AF$27,COUNTIF($AF$8:$AF$27,"<"&O19)+1), IF($C$7="Angular", SMALL($AH$8:$AH$27,COUNTIF($AH$8:$AH$27,"<"&O19)+1), IF($C$7="02-Series", SMALL($AC$62:$AC$82,COUNTIF($AC$62:$AC$82,"<"&O19)+1), IF($C$7="03-Series", SMALL($AG$62:$AG$82,COUNTIF($AG$62:$AG$82,"<"&O19)+1), NA())))) -> 33.2 | Q19: =IF($C$7="Deep Groove",VLOOKUP(P19,$AF$8:$AG$27,2,FALSE), IF($C$7="Angular", VLOOKUP(P19,$AH$8:$AI$27,2,FALSE), IF($C$7="02-Series", VLOOKUP(P19,$AC$62:$AD$82,2,FALSE), IF($C$7="03-Series", VLOOKUP(P19,$AG$62:$AH$82,2,FALSE), NA())))) -> 18.6 | Z19: 55 | AA19: 100 | AB19: 21 | AC19: 1.5 | AD19: 63 | AE19: 90 | AF19: 43.6 | AG19: 25 | AH19: 46.2 | AI19: 28.5
H20: 9 | I20: =IF($C$18/Q19 < 0.014, 0.014, $C$18/Q19) -> 0.053763441 | J20: =$C$18/($C$9*$C$16) -> 0.46451133 | K20: =0.506467531924409*(I20)^0.23203728471849 -> 0.25702613 | L20: =IF(J20<=K20,1,0.56) -> 0.56 | M20: =IF(J20<=K20,0,0.863191147423464*(I20)^(-0.234866270653838)) -> 1.7150341 | N20: =L20*$C$9*$C$16 + M20*$C$18 -> 2.9206021 | O20: =($C$19*N20)*($C$32/($C$29+($C$30-$C$29)*(LN($C$6^-1))^(1/$C$31)))^(1/$C$11) -> 31.973704 | P20: =IF($C$7="Deep Groove", SMALL($AF$8:$AF$27,COUNTIF($AF$8:$AF$27,"<"&O20)+1), IF($C$7="Angular", SMALL($AH$8:$AH$27,COUNTIF($AH$8:$AH$27,"<"&O20)+1), IF($C$7="02-Series", SMALL($AC$62:$AC$82,COUNTIF($AC$62:$AC$82,"<"&O20)+1), IF($C$7="03-Series", SMALL($AG$62:$AG$82,COUNTIF($AG$62:$AG$82,"<"&O20)+1), NA())))) -> 33.2 | Q20: =IF($C$7="Deep Groove",VLOOKUP(P20,$AF$8:$AG$27,2,FALSE), IF($C$7="Angular", VLOOKUP(P20,$AH$8:$AI$27,2,FALSE), IF($C$7="02-Series", VLOOKUP(P20,$AC$62:$AD$82,2,FALSE), IF($C$7="03-Series", VLOOKUP(P20,$AG$62:$AH$82,2,FALSE), NA())))) -> 18.6 | Z20: 60 | AA20: 110 | AB20: 22 | AC20: 1.5 | AD20: 70 | AE20: 99 | AF20: 47.5 | AG20: 28 | AH20: 55.9 | AI20: 35.5
B21: Design Cycle Lifetime | H21: 10 | I21: =IF($C$18/Q20 < 0.014, 0.014, $C$18/Q20) -> 0.053763441 | J21: =$C$18/($C$9*$C$16) -> 0.46451133 | K21: =0.506467531924409*(I21)^0.23203728471849 -> 0.25702613 | L21: =IF(J21<=K21,1,0.56) -> 0.56 | M21: =IF(J21<=K21,0,0.863191147423464*(I21)^(-0.234866270653838)) -> 1.7150341 | N21: =L21*$C$9*$C$16 + M21*$C$18 -> 2.9206021 | O21: =($C$19*N21)*($C$32/($C$29+($C$30-$C$29)*(LN($C$6^-1))^(1/$C$31)))^(1/$C$11) -> 31.973704 | P21: =IF($C$7="Deep Groove", SMALL($AF$8:$AF$27,COUNTIF($AF$8:$AF$27,"<"&O21)+1), IF($C$7="Angular", SMALL($AH$8:$AH$27,COUNTIF($AH$8:$AH$27,"<"&O21)+1), IF($C$7="02-Series", SMALL($AC$62:$AC$82,COUNTIF($AC$62:$AC$82,"<"&O21)+1), IF($C$7="03-Series", SMALL($AG$62:$AG$82,COUNTIF($AG$62:$AG$82,"<"&O21)+1), NA())))) -> 33.2 | Q21: =IF($C$7="Deep Groove",VLOOKUP(P21,$AF$8:$AG$27,2,FALSE), IF($C$7="Angular", VLOOKUP(P21,$AH$8:$AI$27,2,FALSE), IF($C$7="02-Series", VLOOKUP(P21,$AC$62:$AD$82,2,FALSE), IF($C$7="03-Series", VLOOKUP(P21,$AG$62:$AH$82,2,FALSE), NA())))) -> 18.6 | Z21: 65 | AA21: 120 | AB21: 23 | AC21: 1.5 | AD21: 74 | AE21: 109 | AF21: 55.9 | AG21: 34 | AH21: 63.7 | AI21: 41.5
B22: Lifetime, ℒD | C22: 5000 | D22: hrs | Z22: 70 | AA22: 125 | AB22: 24 | AC22: 1.5 | AD22: 79 | AE22: 114 | AF22: 61.8 | AG22: 37.5 | AH22: 68.9 | AI22: 45.5
B23: Rotation Speed, n | C23: 350 | D23: rpm | H23: Final Iterated Values | Z23: 75 | AA23: 130 | AB23: 25 | AC23: 1.5 | AD23: 86 | AE23: 119 | AF23: 66.3 | AG23: 40.5 | AH23: 71.5 | AI23: 49
B24: Design Lifetime, LD | C24: =IF(F25,C25,C22*C23*60) -> 105000000 | D24: revs | H24: Iterated C10 | I24: =P21 -> 33.2 | J24: kN | Z24: 80 | AA24: 140 | AB24: 26 | AC24: 2 | AD24: 93 | AE24: 127 | AF24: 70.2 | AG24: 45 | AH24: 80.6 | AI24: 55
C25: 100000000 | D25: revs | E25: Override LD | F25: FALSE | I25: =I24/4.448 -> 7.4640288 | J25: klbf | Z25: 85 | AA25: 150 | AB25: 28 | AC25: 2 | AD25: 99 | AE25: 136 | AF25: 83.2 | AG25: 53 | AH25: 90.4 | AI25: 63
H26: Iterated C0 | I26: =Q21 -> 18.6 | J26: kN | Z26: 90 | AA26: 160 | AB26: 30 | AC26: 2 | AD26: 104 | AE26: 146 | AF26: 95.6 | AG26: 62 | AH26: 106 | AI26: 73.5
B27: Weibull Paramters Automattically Based on Bearing Brand | E27: RD for 90% = | F27: =EXP(-1*((1 - C29) / (C30 - C29))^C31) -> 0.8990379 | I27: =I26/4.448 -> 4.1816547 | J27: klbf | Z27: 95 | AA27: 170 | AB27: 32 | AC27: 2 | AD27: 110 | AE27: 156 | AF27: 108 | AG27: 69.5 | AH27: 121 | AI27: 85
B28: Rating Life, L10 | C28: =IF(F36,C37,VLOOKUP($C$5,$T$6:$X$7,2,FALSE)) -> 1000000 | D28: revs
B29: x0 | C29: =IF(F36,C38,VLOOKUP($C$5,$T$6:$X$7,3,FALSE)) -> 0.02
B30: θ | C30: =IF(F36,C40,VLOOKUP($C$5,$T$6:$X$7,4,FALSE)) -> 4.459
B31: b | C31: =IF(F36,C42,VLOOKUP($C$5,$T$6:$X$7,5,FALSE)) -> 1.483
B32: Nomormalized Lifetime by Design, xD | C32: =IF(F33,C33,C24/C28) -> 105 | D32: revs
D33: revs | E33: Override xD | F33: FALSE
B34: Normalized Lifetime, xB | C34: =C29+(C30-C29)*(LN(C6^-1))^(1/C31) -> 0.21958958 | E34: For RD | F34: =C6 -> 0.99
B36: Weibull Parameters | E36: Override Weibull Parameters | F36: FALSE
B37: Rating Life, L10 | C37: =10^6 -> 1000000 | D37: revs
B38: x0 | C38: 0.02
B39: θ - x0 | C39: 4.439
B40: θ | C40: =IF(F41,C41,C39+C38) -> 4.459
D41: revs | E41: Override θ | F41: FALSE
B42: b | C42: 1.483
Z58: Table 11-3
AA59: 02-Series | AE59: 03-Series
Z60: Bore | AA60: OD | AB60: Width | AC60: Load Rating | AE60: OD | AF60: Width | AG60: Load Rating
AC61: C10 | AD61: C0 | AG61: C10 | AH61: C0
Z62: 25 | AA62: 52 | AB62: 15 | AC62: 16.8 | AD62: 8.8 | AE62: 62 | AF62: 17 | AG62: 28.6 | AH62: 15
Z63: 30 | AA63: 62 | AB63: 16 | AC63: 22.4 | AD63: 12 | AE63: 72 | AF63: 19 | AG63: 36.9 | AH63: 20
Z64: 35 | AA64: 72 | AB64: 17 | AC64: 31.9 | AD64: 17.6 | AE64: 80 | AF64: 21 | AG64: 44.6 | AH64: 27.1
Z65: 40 | AA65: 80 | AB65: 18 | AC65: 41.8 | AD65: 24 | AE65: 90 | AF65: 23 | AG65: 56.1 | AH65: 32.5
Z66: 45 | AA66: 85 | AB66: 19 | AC66: 44 | AD66: 25.5 | AE66: 100 | AF66: 25 | AG66: 72.1 | AH66: 45.4
Z67: 50 | AA67: 90 | AB67: 20 | AC67: 45.7 | AD67: 27.5 | AE67: 110 | AF67: 27 | AG67: 88 | AH67: 52
Z68: 55 | AA68: 100 | AB68: 21 | AC68: 56.1 | AD68: 34 | AE68: 120 | AF68: 29 | AG68: 102 | AH68: 67.2
Z69: 60 | AA69: 110 | AB69: 22 | AC69: 64.4 | AD69: 43.1 | AE69: 130 | AF69: 31 | AG69: 123 | AH69: 76.5
Z70: 65 | AA70: 120 | AB70: 23 | AC70: 76.5 | AD70: 51.2 | AE70: 140 | AF70: 33 | AG70: 138 | AH70: 85
Z71: 70 | AA71: 125 | AB71: 24 | AC71: 79.2 | AD71: 51.2 | AE71: 150 | AF71: 35 | AG71: 151 | AH71: 102
Z72: 75 | AA72: 130 | AB72: 25 | AC72: 93.1 | AD72: 69.4 | AE72: 160 | AF72: 37 | AG72: 183 | AH72: 125
Z73: 80 | AA73: 140 | AB73: 26 | AC73: 106 | AD73: 78.3 | AE73: 170 | AF73: 39 | AG73: 190 | AH73: 125
... Z82: 150 | AA82: 270 | AB82: 45 | AC82: 446 | AD82: 320 | AE82: 320 | AF82: 65 | AG82: 781 | AH82: 502

Sheet Sprdsht Quiz 6 1
B2: INPUTS | C2: Units: | D2: Metric | H2: OUTPUTS | S2: Tables
B4: Bearing Design | H4: Initial Rated Load, C10, Fa = 0 | K4: =($C$19*$C$9*C16)*($C$32/($C$29+($C$30-$C$29)*(LN($C$6^-1))^(1/$C$31)))^(1/$C$11) -> 69.33026 | L4: kN | T4: Table 11-6 | Z4: Table 11-2 | AK4: Table 11-1
B5: Bearing Brand | C5: SKF | H5: C10 From Table 11.2, Fa = 0 | K5: =IF($C$7="Deep Groove", SMALL($AF$8:$AF$27,COUNTIF($AF$8:$AF$27,"<"&K4)+1), IF($C$7="Angular", SMALL($AH$8:$AH$27,COUNTIF($AH$8:$AH$27,"<"&K4)+1), IF($C$7="02-Series", SMALL($AC$62:$AC$82,COUNTIF($AC$62:$AC$82,"<"&K4)+1), IF($C$7="03-Series", SMALL($AG$62:$AG$82,COUNTIF($AG$62:$AG$82,"<"&K4)+1), NA())))) -> 70.2 | L5: kN | T5: Manufacturer | U5: Rating Life (revs) | V5: x0 | W5: θ | X5: b | Z5: Bore | AA5: OD | AB5: Width | AC5: Fillet Radius | AD5: Shoulder | AF5: Load Ratings | AK5: Fa/C0 | AL5: e | AM5: Fa/(VFr) <= e | AO5: Fa/(VFr) > e
B6: Design Reliability, RD | C6: 0.96 | E6: must be greater than 90% | H6: C0 From Table 11.2, Fa = 0 | K6: =IF($C$7="Deep Groove",VLOOKUP(K5,$AF$8:$AG$27,2,FALSE), IF($C$7="Angular", VLOOKUP(K5,$AH$8:$AI$27,2,FALSE), IF($C$7="02-Series", VLOOKUP(K5,$AC$62:$AD$82,2,FALSE), IF($C$7="03-Series", VLOOKUP(K5,$AG$62:$AH$82,2,FALSE), NA())))) -> 45 | L6: kN | T6: TIMKEN | U6: =90*10^6 -> 90000000 | V6: 0 | W6: 4.48 | X6: 1.5 | AD6: Diameter | AF6: Deep Groove | AH6: Angular | AM6: X1 | AN6: Y1 | AO6: X2 | AP6: Y2
B7: Contact Type | C7: Deep Groove | H7: Fa/C0 | K7: =$C$18/K6 -> 0 | T7: SKF | U7: =1*10^6 -> 1000000 | V7: 0.02 | W7: 4.459 | X7: 1.483 | AD7: ds | AE7: dh | AF7: C10 | AG7: C0 | AH7: C10 | AI7: C0 | AK7: 0.014 | AL7: 0.19 | AM7: 1 | AN7: 0 | AO7: 0.56 | AP7: 2.3
B8: Which Ring Rotates | C8: Outer Ring | Z8: 10 | AA8: 30 | AB8: 9 | AC8: 0.6 | AD8: 12.5 | AE8: 27 | AF8: 5.07 | AG8: 2.24 | AH8: 4.94 | AI8: 2.12 | AK8: 0.021 | AL8: 0.21 | AM8: 1 | AN8: 0 | AO8: 0.56 | AP8: 2.15
B9: Rotating Ring Correction Factor, Vr | C9: =IF(C8="Inner Ring", 1, 1.2) -> 1.2 | H9: Iteration Table for C0 value | Z9: 12 | AA9: 32 | AB9: 10 | AC9: 0.6 | AD9: 14.5 | AE9: 28 | AF9: 6.89 | AG9: 3.1 | AH9: 7.02 | AI9: 3.05 | AK9: 0.028 | AL9: 0.22 | AM9: 1 | AN9: 0 | AO9: 0.56 | AP9: 1.99
B10: Bearing Type | C10: Ball | H10: Itteration # | I10: Fa/C0 | J10: Fa/(VFr) | K10: e | L10: X | M10: Y | N10: FE [kN] | O10: Updated Search C10 [kN] | P10: Updated C10 [kN] | Q10: Updated C0 [kN] | Z10: 15 | AA10: 35 | AB10: 11 | AC10: 0.6 | AD10: 17.5 | AE10: 31 | AF10: 7.8 | AG10: 3.55 | AH10: 8.06 | AI10: 3.65 | AK10: 0.042 | AL10: 0.24 | AM10: 1 | AN10: 0 | AO10: 0.56 | AP10: 1.85
B11: Power Law Exponent, a | C11: =IF(F12,C12,IF(C10="Ball", 3, 10/3)) -> 3 | H11: 0 | I11: =IF($C$18/K6 < 0.014, 0.014, $C$18/K6) -> 0.014 | J11: =$C$18/($C$9*$C$16) -> 0 | K11: =0.506467531924409*(I11)^0.23203728471849 -> 0.18809801 | L11: =IF(J11<=K11,1,0.56) -> 1 | M11: =IF(J11<=K11,0,0.863191147423464*(I11)^(-0.234866270653838)) -> 0 | N11: =L11*$C$9*$C$16 + M11*$C$18 -> 8.4 | O11: =($C$19*N11)*($C$32/($C$29+($C$30-$C$29)*(LN($C$6^-1))^(1/$C$31)))^(1/$C$11) -> 69.33026 | P11: =IF($C$7="Deep Groove", SMALL($AF$8:$AF$27,COUNTIF($AF$8:$AF$27,"<"&O11)+1), IF($C$7="Angular", SMALL($AH$8:$AH$27,COUNTIF($AH$8:$AH$27,"<"&O11)+1), IF($C$7="02-Series", SMALL($AC$62:$AC$82,COUNTIF($AC$62:$AC$82,"<"&O11)+1), IF($C$7="03-Series", SMALL($AG$62:$AG$82,COUNTIF($AG$62:$AG$82,"<"&O11)+1), NA())))) -> 70.2 | Q11: =IF($C$7="Deep Groove",VLOOKUP(P11,$AF$8:$AG$27,2,FALSE), IF($C$7="Angular", VLOOKUP(P11,$AH$8:$AI$27,2,FALSE), IF($C$7="02-Series", VLOOKUP(P11,$AC$62:$AD$82,2,FALSE), IF($C$7="03-Series", VLOOKUP(P11,$AG$62:$AH$82,2,FALSE), NA())))) -> 45 | Z11: 17 | AA11: 40 | AB11: 12 | AC11: 0.6 | AD11: 19.5 | AE11: 34 | AF11: 9.56 | AG11: 4.5 | AH11: 9.95 | AI11: 4.75 | AK11: 0.056 | AL11: 0.26 | AM11: 1 | AN11: 0 | AO11: 0.56 | AP11: 1.71
E12: Override a | F12: FALSE | H12: 1 | I12: =IF($C$18/Q11 < 0.014, 0.014, $C$18/Q11) -> 0.014 | J12: =$C$18/($C$9*$C$16) -> 0 | K12: =0.506467531924409*(I12)^0.23203728471849 -> 0.18809801 | L12: =IF(J12<=K12,1,0.56) -> 1 | M12: =IF(J12<=K12,0,0.863191147423464*(I12)^(-0.234866270653838)) -> 0 | N12: =L12*$C$9*$C$16 + M12*$C$18 -> 8.4 | O12: =($C$19*N12)*($C$32/($C$29+($C$30-$C$29)*(LN($C$6^-1))^(1/$C$31)))^(1/$C$11) -> 69.33026 | P12: =IF($C$7="Deep Groove", SMALL($AF$8:$AF$27,COUNTIF($AF$8:$AF$27,"<"&O12)+1), IF($C$7="Angular", SMALL($AH$8:$AH$27,COUNTIF($AH$8:$AH$27,"<"&O12)+1), IF($C$7="02-Series", SMALL($AC$62:$AC$82,COUNTIF($AC$62:$AC$82,"<"&O12)+1), IF($C$7="03-Series", SMALL($AG$62:$AG$82,COUNTIF($AG$62:$AG$82,"<"&O12)+1), NA())))) -> 70.2 | Q12: =IF($C$7="Deep Groove",VLOOKUP(P12,$AF$8:$AG$27,2,FALSE), IF($C$7="Angular", VLOOKUP(P12,$AH$8:$AI$27,2,FALSE), IF($C$7="02-Series", VLOOKUP(P12,$AC$62:$AD$82,2,FALSE), IF($C$7="03-Series", VLOOKUP(P12,$AG$62:$AH$82,2,FALSE), NA())))) -> 45 | Z12: 20 | AA12: 47 | AB12: 14 | AC12: 1 | AD12: 25 | AE12: 41 | AF12: 12.7 | AG12: 6.2 | AH12: 13.3 | AI12: 6.55 | AK12: 0.07 | AL12: 0.27 | AM12: 1 | AN12: 0 | AO12: 0.56 | AP12: 1.63
H13: 2 | I13: =IF($C$18/Q12 < 0.014, 0.014, $C$18/Q12) -> 0.014 | J13: =$C$18/($C$9*$C$16) -> 0 | K13: =0.506467531924409*(I13)^0.23203728471849 -> 0.18809801 | L13: =IF(J13<=K13,1,0.56) -> 1 | M13: =IF(J13<=K13,0,0.863191147423464*(I13)^(-0.234866270653838)) -> 0 | N13: =L13*$C$9*$C$16 + M13*$C$18 -> 8.4 | O13: =($C$19*N13)*($C$32/($C$29+($C$30-$C$29)*(LN($C$6^-1))^(1/$C$31)))^(1/$C$11) -> 69.33026 | P13: =IF($C$7="Deep Groove", SMALL($AF$8:$AF$27,COUNTIF($AF$8:$AF$27,"<"&O13)+1), IF($C$7="Angular", SMALL($AH$8:$AH$27,COUNTIF($AH$8:$AH$27,"<"&O13)+1), IF($C$7="02-Series", SMALL($AC$62:$AC$82,COUNTIF($AC$62:$AC$82,"<"&O13)+1), IF($C$7="03-Series", SMALL($AG$62:$AG$82,COUNTIF($AG$62:$AG$82,"<"&O13)+1), NA())))) -> 70.2 | Q13: =IF($C$7="Deep Groove",VLOOKUP(P13,$AF$8:$AG$27,2,FALSE), IF($C$7="Angular", VLOOKUP(P13,$AH$8:$AI$27,2,FALSE), IF($C$7="02-Series", VLOOKUP(P13,$AC$62:$AD$82,2,FALSE), IF($C$7="03-Series", VLOOKUP(P13,$AG$62:$AH$82,2,FALSE), NA())))) -> 45 | Z13: 25 | AA13: 52 | AB13: 15 | AC13: 1 | AD13: 30 | AE13: 47 | AF13: 14 | AG13: 6.95 | AH13: 14.8 | AI13: 7.65 | AK13: 0.084 | AL13: 0.28 | AM13: 1 | AN13: 0 | AO13: 0.56 | AP13: 1.55
B14: Bearing Loads | H14: 3 | I14: =IF($C$18/Q13 < 0.014, 0.014, $C$18/Q13) -> 0.014 | J14: =$C$18/($C$9*$C$16) -> 0 | K14: =0.506467531924409*(I14)^0.23203728471849 -> 0.18809801 | L14: =IF(J14<=K14,1,0.56) -> 1 | M14: =IF(J14<=K14,0,0.863191147423464*(I14)^(-0.234866270653838)) -> 0 | N14: =L14*$C$9*$C$16 + M14*$C$18 -> 8.4 | O14: =($C$19*N14)*($C$32/($C$29+($C$30-$C$29)*(LN($C$6^-1))^(1/$C$31)))^(1/$C$11) -> 69.33026 | P14: =IF($C$7="Deep Groove", SMALL($AF$8:$AF$27,COUNTIF($AF$8:$AF$27,"<"&O14)+1), IF($C$7="Angular", SMALL($AH$8:$AH$27,COUNTIF($AH$8:$AH$27,"<"&O14)+1), IF($C$7="02-Series", SMALL($AC$62:$AC$82,COUNTIF($AC$62:$AC$82,"<"&O14)+1), IF($C$7="03-Series", SMALL($AG$62:$AG$82,COUNTIF($AG$62:$AG$82,"<"&O14)+1), NA())))) -> 70.2 | Q14: =IF($C$7="Deep Groove",VLOOKUP(P14,$AF$8:$AG$27,2,FALSE), IF($C$7="Angular", VLOOKUP(P14,$AH$8:$AI$27,2,FALSE), IF($C$7="02-Series", VLOOKUP(P14,$AC$62:$AD$82,2,FALSE), IF($C$7="03-Series", VLOOKUP(P14,$AG$62:$AH$82,2,FALSE), NA())))) -> 45 | Z14: 30 | AA14: 62 | AB14: 16 | AC14: 1 | AD14: 35 | AE14: 55 | AF14: 19.5 | AG14: 10 | AH14: 20.3 | AI14: 11 | AK14: 0.11 | AL14: 0.3 | AM14: 1 | AN14: 0 | AO14: 0.56 | AP14: 1.45
B15: Input Radial Load, Fr | C15: 7 | D15: =IF($D$2="English","klbf", "kN") -> kN | H15: 4 | I15: =IF($C$18/Q14 < 0.014, 0.014, $C$18/Q14) -> 0.014 | J15: =$C$18/($C$9*$C$16) -> 0 | K15: =0.506467531924409*(I15)^0.23203728471849 -> 0.18809801 | L15: =IF(J15<=K15,1,0.56) -> 1 | M15: =IF(J15<=K15,0,0.863191147423464*(I15)^(-0.234866270653838)) -> 0 | N15: =L15*$C$9*$C$16 + M15*$C$18 -> 8.4 | O15: =($C$19*N15)*($C$32/($C$29+($C$30-$C$29)*(LN($C$6^-1))^(1/$C$31)))^(1/$C$11) -> 69.33026 | P15: =IF($C$7="Deep Groove", SMALL($AF$8:$AF$27,COUNTIF($AF$8:$AF$27,"<"&O15)+1), IF($C$7="Angular", SMALL($AH$8:$AH$27,COUNTIF($AH$8:$AH$27,"<"&O15)+1), IF($C$7="02-Series", SMALL($AC$62:$AC$82,COUNTIF($AC$62:$AC$82,"<"&O15)+1), IF($C$7="03-Series", SMALL($AG$62:$AG$82,COUNTIF($AG$62:$AG$82,"<"&O15)+1), NA())))) -> 70.2 | Q15: =IF($C$7="Deep Groove",VLOOKUP(P15,$AF$8:$AG$27,2,FALSE), IF($C$7="Angular", VLOOKUP(P15,$AH$8:$AI$27,2,FALSE), IF($C$7="02-Series", VLOOKUP(P15,$AC$62:$AD$82,2,FALSE), IF($C$7="03-Series", VLOOKUP(P15,$AG$62:$AH$82,2,FALSE), NA())))) -> 45 | Z15: 35 | AA15: 72 | AB15: 17 | AC15: 1 | AD15: 41 | AE15: 65 | AF15: 25.5 | AG15: 13.7 | AH15: 27 | AI15: 15 | AK15: 0.17 | AL15: 0.34 | AM15: 1 | AN15: 0 | AO15: 0.56 | AP15: 1.31
C16: =IF($D$2="English",C15*4.448, C15) -> 7 | D16: kN | H16: 5 | I16: =IF($C$18/Q15 < 0.014, 0.014, $C$18/Q15) -> 0.014 | J16: =$C$18/($C$9*$C$16) -> 0 | K16: =0.506467531924409*(I16)^0.23203728471849 -> 0.18809801 | L16: =IF(J16<=K16,1,0.56) -> 1 | M16: =IF(J16<=K16,0,0.863191147423464*(I16)^(-0.234866270653838)) -> 0 | N16: =L16*$C$9*$C$16 + M16*$C$18 -> 8.4 | O16: =($C$19*N16)*($C$32/($C$29+($C$30-$C$29)*(LN($C$6^-1))^(1/$C$31)))^(1/$C$11) -> 69.33026 | P16: =IF($C$7="Deep Groove", SMALL($AF$8:$AF$27,COUNTIF($AF$8:$AF$27,"<"&O16)+1), IF($C$7="Angular", SMALL($AH$8:$AH$27,COUNTIF($AH$8:$AH$27,"<"&O16)+1), IF($C$7="02-Series", SMALL($AC$62:$AC$82,COUNTIF($AC$62:$AC$82,"<"&O16)+1), IF($C$7="03-Series", SMALL($AG$62:$AG$82,COUNTIF($AG$62:$AG$82,"<"&O16)+1), NA())))) -> 70.2 | Q16: =IF($C$7="Deep Groove",VLOOKUP(P16,$AF$8:$AG$27,2,FALSE), IF($C$7="Angular", VLOOKUP(P16,$AH$8:$AI$27,2,FALSE), IF($C$7="02-Series", VLOOKUP(P16,$AC$62:$AD$82,2,FALSE), IF($C$7="03-Series", VLOOKUP(P16,$AG$62:$AH$82,2,FALSE), NA())))) -> 45 | Z16: 40 | AA16: 80 | AB16: 18 | AC16: 1 | AD16: 46 | AE16: 72 | AF16: 30.7 | AG16: 16.6 | AH16: 31.9 | AI16: 18.6 | AK16: 0.28 | AL16: 0.38 | AM16: 1 | AN16: 0 | AO16: 0.56 | AP16: 1.15
B17: Input Axial Load, FA | D17: =IF($D$2="English","klbf", "kN") -> kN | H17: 6 | I17: =IF($C$18/Q16 < 0.014, 0.014, $C$18/Q16) -> 0.014 | J17: =$C$18/($C$9*$C$16) -> 0 | K17: =0.506467531924409*(I17)^0.23203728471849 -> 0.18809801 | L17: =IF(J17<=K17,1,0.56) -> 1 | M17: =IF(J17<=K17,0,0.863191147423464*(I17)^(-0.234866270653838)) -> 0 | N17: =L17*$C$9*$C$16 + M17*$C$18 -> 8.4 | O17: =($C$19*N17)*($C$32/($C$29+($C$30-$C$29)*(LN($C$6^-1))^(1/$C$31)))^(1/$C$11) -> 69.33026 | P17: =IF($C$7="Deep Groove", SMALL($AF$8:$AF$27,COUNTIF($AF$8:$AF$27,"<"&O17)+1), IF($C$7="Angular", SMALL($AH$8:$AH$27,COUNTIF($AH$8:$AH$27,"<"&O17)+1), IF($C$7="02-Series", SMALL($AC$62:$AC$82,COUNTIF($AC$62:$AC$82,"<"&O17)+1), IF($C$7="03-Series", SMALL($AG$62:$AG$82,COUNTIF($AG$62:$AG$82,"<"&O17)+1), NA())))) -> 70.2 | Q17: =IF($C$7="Deep Groove",VLOOKUP(P17,$AF$8:$AG$27,2,FALSE), IF($C$7="Angular", VLOOKUP(P17,$AH$8:$AI$27,2,FALSE), IF($C$7="02-Series", VLOOKUP(P17,$AC$62:$AD$82,2,FALSE), IF($C$7="03-Series", VLOOKUP(P17,$AG$62:$AH$82,2,FALSE), NA())))) -> 45 | Z17: 45 | AA17: 85 | AB17: 19 | AC17: 1 | AD17: 52 | AE17: 77 | AF17: 33.2 | AG17: 18.6 | AH17: 35.8 | AI17: 21.2 | AK17: 0.42 | AL17: 0.42 | AM17: 1 | AN17: 0 | AO17: 0.56 | AP17: 1.04
C18: =IF($D$2="English",C17*4.448, C17) -> 0 | D18: kN | H18: 7 | I18: =IF($C$18/Q17 < 0.014, 0.014, $C$18/Q17) -> 0.014 | J18: =$C$18/($C$9*$C$16) -> 0 | K18: =0.506467531924409*(I18)^0.23203728471849 -> 0.18809801 | L18: =IF(J18<=K18,1,0.56) -> 1 | M18: =IF(J18<=K18,0,0.863191147423464*(I18)^(-0.234866270653838)) -> 0 | N18: =L18*$C$9*$C$16 + M18*$C$18 -> 8.4 | O18: =($C$19*N18)*($C$32/($C$29+($C$30-$C$29)*(LN($C$6^-1))^(1/$C$31)))^(1/$C$11) -> 69.33026 | P18: =IF($C$7="Deep Groove", SMALL($AF$8:$AF$27,COUNTIF($AF$8:$AF$27,"<"&O18)+1), IF($C$7="Angular", SMALL($AH$8:$AH$27,COUNTIF($AH$8:$AH$27,"<"&O18)+1), IF($C$7="02-Series", SMALL($AC$62:$AC$82,COUNTIF($AC$62:$AC$82,"<"&O18)+1), IF($C$7="03-Series", SMALL($AG$62:$AG$82,COUNTIF($AG$62:$AG$82,"<"&O18)+1), NA())))) -> 70.2 | Q18: =IF($C$7="Deep Groove",VLOOKUP(P18,$AF$8:$AG$27,2,FALSE), IF($C$7="Angular", VLOOKUP(P18,$AH$8:$AI$27,2,FALSE), IF($C$7="02-Series", VLOOKUP(P18,$AC$62:$AD$82,2,FALSE), IF($C$7="03-Series", VLOOKUP(P18,$AG$62:$AH$82,2,FALSE), NA())))) -> 45 | Z18: 50 | AA18: 90 | AB18: 20 | AC18: 1 | AD18: 56 | AE18: 82 | AF18: 35.1 | AG18: 19.6 | AH18: 37.7 | AI18: 22.8 | AK18: 0.56 | AL18: 0.44 | AM18: 1 | AN18: 0 | AO18: 0.56 | AP18: 1
B19: Load Application Factor, af | C19: 1 | H19: 8 | I19: =IF($C$18/Q18 < 0.014, 0.014, $C$18/Q18) -> 0.014 | J19: =$C$18/($C$9*$C$16) -> 0 | K19: =0.506467531924409*(I19)^0.23203728471849 -> 0.18809801 | L19: =IF(J19<=K19,1,0.56) -> 1 | M19: =IF(J19<=K19,0,0.863191147423464*(I19)^(-0.234866270653838)) -> 0 | N19: =L19*$C$9*$C$16 + M19*$C$18 -> 8.4 | O19: =($C$19*N19)*($C$32/($C$29+($C$30-$C$29)*(LN($C$6^-1))^(1/$C$31)))^(1/$C$11) -> 69.33026 | P19: =IF($C$7="Deep Groove", SMALL($AF$8:$AF$27,COUNTIF($AF$8:$AF$27,"<"&O19)+1), IF($C$7="Angular", SMALL($AH$8:$AH$27,COUNTIF($AH$8:$AH$27,"<"&O19)+1), IF($C$7="02-Series", SMALL($AC$62:$AC$82,COUNTIF($AC$62:$AC$82,"<"&O19)+1), IF($C$7="03-Series", SMALL($AG$62:$AG$82,COUNTIF($AG$62:$AG$82,"<"&O19)+1), NA())))) -> 70.2 | Q19: =IF($C$7="Deep Groove",VLOOKUP(P19,$AF$8:$AG$27,2,FALSE), IF($C$7="Angular", VLOOKUP(P19,$AH$8:$AI$27,2,FALSE), IF($C$7="02-Series", VLOOKUP(P19,$AC$62:$AD$82,2,FALSE), IF($C$7="03-Series", VLOOKUP(P19,$AG$62:$AH$82,2,FALSE), NA())))) -> 45 | Z19: 55 | AA19: 100 | AB19: 21 | AC19: 1.5 | AD19: 63 | AE19: 90 | AF19: 43.6 | AG19: 25 | AH19: 46.2 | AI19: 28.5
H20: 9 | I20: =IF($C$18/Q19 < 0.014, 0.014, $C$18/Q19) -> 0.014 | J20: =$C$18/($C$9*$C$16) -> 0 | K20: =0.506467531924409*(I20)^0.23203728471849 -> 0.18809801 | L20: =IF(J20<=K20,1,0.56) -> 1 | M20: =IF(J20<=K20,0,0.863191147423464*(I20)^(-0.234866270653838)) -> 0 | N20: =L20*$C$9*$C$16 + M20*$C$18 -> 8.4 | O20: =($C$19*N20)*($C$32/($C$29+($C$30-$C$29)*(LN($C$6^-1))^(1/$C$31)))^(1/$C$11) -> 69.33026 | P20: =IF($C$7="Deep Groove", SMALL($AF$8:$AF$27,COUNTIF($AF$8:$AF$27,"<"&O20)+1), IF($C$7="Angular", SMALL($AH$8:$AH$27,COUNTIF($AH$8:$AH$27,"<"&O20)+1), IF($C$7="02-Series", SMALL($AC$62:$AC$82,COUNTIF($AC$62:$AC$82,"<"&O20)+1), IF($C$7="03-Series", SMALL($AG$62:$AG$82,COUNTIF($AG$62:$AG$82,"<"&O20)+1), NA())))) -> 70.2 | Q20: =IF($C$7="Deep Groove",VLOOKUP(P20,$AF$8:$AG$27,2,FALSE), IF($C$7="Angular", VLOOKUP(P20,$AH$8:$AI$27,2,FALSE), IF($C$7="02-Series", VLOOKUP(P20,$AC$62:$AD$82,2,FALSE), IF($C$7="03-Series", VLOOKUP(P20,$AG$62:$AH$82,2,FALSE), NA())))) -> 45 | Z20: 60 | AA20: 110 | AB20: 22 | AC20: 1.5 | AD20: 70 | AE20: 99 | AF20: 47.5 | AG20: 28 | AH20: 55.9 | AI20: 35.5
B21: Design Cycle Lifetime | H21: 10 | I21: =IF($C$18/Q20 < 0.014, 0.014, $C$18/Q20) -> 0.014 | J21: =$C$18/($C$9*$C$16) -> 0 | K21: =0.506467531924409*(I21)^0.23203728471849 -> 0.18809801 | L21: =IF(J21<=K21,1,0.56) -> 1 | M21: =IF(J21<=K21,0,0.863191147423464*(I21)^(-0.234866270653838)) -> 0 | N21: =L21*$C$9*$C$16 + M21*$C$18 -> 8.4 | O21: =($C$19*N21)*($C$32/($C$29+($C$30-$C$29)*(LN($C$6^-1))^(1/$C$31)))^(1/$C$11) -> 69.33026 | P21: =IF($C$7="Deep Groove", SMALL($AF$8:$AF$27,COUNTIF($AF$8:$AF$27,"<"&O21)+1), IF($C$7="Angular", SMALL($AH$8:$AH$27,COUNTIF($AH$8:$AH$27,"<"&O21)+1), IF($C$7="02-Series", SMALL($AC$62:$AC$82,COUNTIF($AC$62:$AC$82,"<"&O21)+1), IF($C$7="03-Series", SMALL($AG$62:$AG$82,COUNTIF($AG$62:$AG$82,"<"&O21)+1), NA())))) -> 70.2 | Q21: =IF($C$7="Deep Groove",VLOOKUP(P21,$AF$8:$AG$27,2,FALSE), IF($C$7="Angular", VLOOKUP(P21,$AH$8:$AI$27,2,FALSE), IF($C$7="02-Series", VLOOKUP(P21,$AC$62:$AD$82,2,FALSE), IF($C$7="03-Series", VLOOKUP(P21,$AG$62:$AH$82,2,FALSE), NA())))) -> 45 | Z21: 65 | AA21: 120 | AB21: 23 | AC21: 1.5 | AD21: 74 | AE21: 109 | AF21: 55.9 | AG21: 34 | AH21: 63.7 | AI21: 41.5
B22: Lifetime, ℒD | C22: 10000 | D22: hrs | Z22: 70 | AA22: 125 | AB22: 24 | AC22: 1.5 | AD22: 79 | AE22: 114 | AF22: 61.8 | AG22: 37.5 | AH22: 68.9 | AI22: 45.5
B23: Rotation Speed, n | C23: 500 | D23: rpm | H23: Final Iterated Values | Z23: 75 | AA23: 130 | AB23: 25 | AC23: 1.5 | AD23: 86 | AE23: 119 | AF23: 66.3 | AG23: 40.5 | AH23: 71.5 | AI23: 49
B24: Design Lifetime, LD | C24: =IF(F25,C25,C22*C23*60) -> 300000000 | D24: revs | H24: Iterated C10 | I24: =P21 -> 70.2 | J24: kN | Z24: 80 | AA24: 140 | AB24: 26 | AC24: 2 | AD24: 93 | AE24: 127 | AF24: 70.2 | AG24: 45 | AH24: 80.6 | AI24: 55
C25: 100000000 | D25: revs | E25: Override LD | F25: FALSE | I25: =I24/4.448 -> 15.782374 | J25: klbf | Z25: 85 | AA25: 150 | AB25: 28 | AC25: 2 | AD25: 99 | AE25: 136 | AF25: 83.2 | AG25: 53 | AH25: 90.4 | AI25: 63
H26: Iterated C0 | I26: =Q21 -> 45 | J26: kN | Z26: 90 | AA26: 160 | AB26: 30 | AC26: 2 | AD26: 104 | AE26: 146 | AF26: 95.6 | AG26: 62 | AH26: 106 | AI26: 73.5
B27: Weibull Paramters Automattically Based on Bearing Brand | E27: RD for 90% = | F27: =EXP(-1*((1 - C29) / (C30 - C29))^C31) -> 0.8990379 | I27: =I26/4.448 -> 10.116906 | J27: klbf | Z27: 95 | AA27: 170 | AB27: 32 | AC27: 2 | AD27: 110 | AE27: 156 | AF27: 108 | AG27: 69.5 | AH27: 121 | AI27: 85
B28: Rating Life, L10 | C28: =IF(F36,C37,VLOOKUP($C$5,$T$6:$X$7,2,FALSE)) -> 1000000 | D28: revs
B29: x0 | C29: =IF(F36,C38,VLOOKUP($C$5,$T$6:$X$7,3,FALSE)) -> 0.02
B30: θ | C30: =IF(F36,C40,VLOOKUP($C$5,$T$6:$X$7,4,FALSE)) -> 4.459
B31: b | C31: =IF(F36,C42,VLOOKUP($C$5,$T$6:$X$7,5,FALSE)) -> 1.483
B32: Nomormalized Lifetime by Design, xD | C32: =IF(F33,C33,C24/C28) -> 300 | D32: revs
D33: revs | E33: Override xD | F33: FALSE
B34: Normalized Lifetime, xB | C34: =C29+(C30-C29)*(LN(C6^-1))^(1/C31) -> 0.53356905 | E34: For RD | F34: =C6 -> 0.96
B36: Weibull Parameters | E36: Override Weibull Parameters | F36: FALSE
B37: Rating Life, L10 | C37: =10^6 -> 1000000 | D37: revs
B38: x0 | C38: 0.02
B39: θ - x0 | C39: 4.439
B40: θ | C40: =IF(F41,C41,C39+C38) -> 4.459
D41: revs | E41: Override θ | F41: FALSE
B42: b | C42: 1.483
Z58: Table 11-3
AA59: 02-Series | AE59: 03-Series
Z60: Bore | AA60: OD | AB60: Width | AC60: Load Rating | AE60: OD | AF60: Width | AG60: Load Rating
AC61: C10 | AD61: C0 | AG61: C10 | AH61: C0
Z62: 25 | AA62: 52 | AB62: 15 | AC62: 16.8 | AD62: 8.8 | AE62: 62 | AF62: 17 | AG62: 28.6 | AH62: 15
Z63: 30 | AA63: 62 | AB63: 16 | AC63: 22.4 | AD63: 12 | AE63: 72 | AF63: 19 | AG63: 36.9 | AH63: 20
Z64: 35 | AA64: 72 | AB64: 17 | AC64: 31.9 | AD64: 17.6 | AE64: 80 | AF64: 21 | AG64: 44.6 | AH64: 27.1
Z65: 40 | AA65: 80 | AB65: 18 | AC65: 41.8 | AD65: 24 | AE65: 90 | AF65: 23 | AG65: 56.1 | AH65: 32.5
Z66: 45 | AA66: 85 | AB66: 19 | AC66: 44 | AD66: 25.5 | AE66: 100 | AF66: 25 | AG66: 72.1 | AH66: 45.4
Z67: 50 | AA67: 90 | AB67: 20 | AC67: 45.7 | AD67: 27.5 | AE67: 110 | AF67: 27 | AG67: 88 | AH67: 52
Z68: 55 | AA68: 100 | AB68: 21 | AC68: 56.1 | AD68: 34 | AE68: 120 | AF68: 29 | AG68: 102 | AH68: 67.2
Z69: 60 | AA69: 110 | AB69: 22 | AC69: 64.4 | AD69: 43.1 | AE69: 130 | AF69: 31 | AG69: 123 | AH69: 76.5
Z70: 65 | AA70: 120 | AB70: 23 | AC70: 76.5 | AD70: 51.2 | AE70: 140 | AF70: 33 | AG70: 138 | AH70: 85
Z71: 70 | AA71: 125 | AB71: 24 | AC71: 79.2 | AD71: 51.2 | AE71: 150 | AF71: 35 | AG71: 151 | AH71: 102
Z72: 75 | AA72: 130 | AB72: 25 | AC72: 93.1 | AD72: 69.4 | AE72: 160 | AF72: 37 | AG72: 183 | AH72: 125
Z73: 80 | AA73: 140 | AB73: 26 | AC73: 106 | AD73: 78.3 | AE73: 170 | AF73: 39 | AG73: 190 | AH73: 125
... Z82: 150 | AA82: 270 | AB82: 45 | AC82: 446 | AD82: 320 | AE82: 320 | AF82: 65 | AG82: 781 | AH82: 502

Sheet Sprdsht Quiz 6 2
B2: INPUTS | C2: Units: | D2: Metric | H2: OUTPUTS | S2: Tables
B4: Bearing Design | H4: Initial Rated Load, C10, Fa = 0 | K4: =($C$19*$C$9*C16)*($C$32/($C$29+($C$30-$C$29)*(LN($C$6^-1))^(1/$C$31)))^(1/$C$11) -> 53.057174 | L4: kN | T4: Table 11-6 | Z4: Table 11-2 | AK4: Table 11-1
B5: Bearing Brand | C5: SKF | H5: C10 From Table 11.2, Fa = 0 | K5: =IF($C$7="Deep Groove", SMALL($AF$8:$AF$27,COUNTIF($AF$8:$AF$27,"<"&K4)+1), IF($C$7="Angular", SMALL($AH$8:$AH$27,COUNTIF($AH$8:$AH$27,"<"&K4)+1), IF($C$7="02-Series", SMALL($AC$62:$AC$82,COUNTIF($AC$62:$AC$82,"<"&K4)+1), IF($C$7="03-Series", SMALL($AG$62:$AG$82,COUNTIF($AG$62:$AG$82,"<"&K4)+1), NA())))) -> 55.9 | L5: kN | T5: Manufacturer | U5: Rating Life (revs) | V5: x0 | W5: θ | X5: b | Z5: Bore | AA5: OD | AB5: Width | AC5: Fillet Radius | AD5: Shoulder | AF5: Load Ratings | AK5: Fa/C0 | AL5: e | AM5: Fa/(VFr) <= e | AO5: Fa/(VFr) > e
B6: Design Reliability, RD | C6: 0.95 | E6: must be greater than 90% | H6: C0 From Table 11.2, Fa = 0 | K6: =IF($C$7="Deep Groove",VLOOKUP(K5,$AF$8:$AG$27,2,FALSE), IF($C$7="Angular", VLOOKUP(K5,$AH$8:$AI$27,2,FALSE), IF($C$7="02-Series", VLOOKUP(K5,$AC$62:$AD$82,2,FALSE), IF($C$7="03-Series", VLOOKUP(K5,$AG$62:$AH$82,2,FALSE), NA())))) -> 35.5 | L6: kN | T6: TIMKEN | U6: =90*10^6 -> 90000000 | V6: 0 | W6: 4.48 | X6: 1.5 | AD6: Diameter | AF6: Deep Groove | AH6: Angular | AM6: X1 | AN6: Y1 | AO6: X2 | AP6: Y2
B7: Contact Type | C7: Angular | H7: Fa/C0 | K7: =$C$18/K6 -> 0.028169014 | T7: SKF | U7: =1*10^6 -> 1000000 | V7: 0.02 | W7: 4.459 | X7: 1.483 | AD7: ds | AE7: dh | AF7: C10 | AG7: C0 | AH7: C10 | AI7: C0 | AK7: 0.014 | AL7: 0.19 | AM7: 1 | AN7: 0 | AO7: 0.56 | AP7: 2.3
B8: Which Ring Rotates | C8: Inner Ring | Z8: 10 | AA8: 30 | AB8: 9 | AC8: 0.6 | AD8: 12.5 | AE8: 27 | AF8: 5.07 | AG8: 2.24 | AH8: 4.94 | AI8: 2.12 | AK8: 0.021 | AL8: 0.21 | AM8: 1 | AN8: 0 | AO8: 0.56 | AP8: 2.15
B9: Rotating Ring Correction Factor, Vr | C9: =IF(C8="Inner Ring", 1, 1.2) -> 1 | H9: Iteration Table for C0 value | Z9: 12 | AA9: 32 | AB9: 10 | AC9: 0.6 | AD9: 14.5 | AE9: 28 | AF9: 6.89 | AG9: 3.1 | AH9: 7.02 | AI9: 3.05 | AK9: 0.028 | AL9: 0.22 | AM9: 1 | AN9: 0 | AO9: 0.56 | AP9: 1.99
B10: Bearing Type | C10: Ball | H10: Itteration # | I10: Fa/C0 | J10: Fa/(VFr) | K10: e | L10: X | M10: Y | N10: FE [kN] | O10: Updated Search C10 [kN] | P10: Updated C10 [kN] | Q10: Updated C0 [kN] | Z10: 15 | AA10: 35 | AB10: 11 | AC10: 0.6 | AD10: 17.5 | AE10: 31 | AF10: 7.8 | AG10: 3.55 | AH10: 8.06 | AI10: 3.65 | AK10: 0.042 | AL10: 0.24 | AM10: 1 | AN10: 0 | AO10: 0.56 | AP10: 1.85
B11: Power Law Exponent, a | C11: =IF(F12,C12,IF(C10="Ball", 3, 10/3)) -> 3 | H11: 0 | I11: =IF($C$18/K6 < 0.014, 0.014, $C$18/K6) -> 0.028169014 | J11: =$C$18/($C$9*$C$16) -> 0.33333333 | K11: =0.506467531924409*(I11)^0.23203728471849 -> 0.22122838 | L11: =IF(J11<=K11,1,0.56) -> 0.56 | M11: =IF(J11<=K11,0,0.863191147423464*(I11)^(-0.234866270653838)) -> 1.9961967 | N11: =L11*$C$9*$C$16 + M11*$C$18 -> 3.6761967 | O11: =($C$19*N11)*($C$32/($C$29+($C$30-$C$29)*(LN($C$6^-1))^(1/$C$31)))^(1/$C$11) -> 65.016202 | P11: =IF($C$7="Deep Groove", SMALL($AF$8:$AF$27,COUNTIF($AF$8:$AF$27,"<"&O11)+1), IF($C$7="Angular", SMALL($AH$8:$AH$27,COUNTIF($AH$8:$AH$27,"<"&O11)+1), IF($C$7="02-Series", SMALL($AC$62:$AC$82,COUNTIF($AC$62:$AC$82,"<"&O11)+1), IF($C$7="03-Series", SMALL($AG$62:$AG$82,COUNTIF($AG$62:$AG$82,"<"&O11)+1), NA())))) -> 68.9 | Q11: =IF($C$7="Deep Groove",VLOOKUP(P11,$AF$8:$AG$27,2,FALSE), IF($C$7="Angular", VLOOKUP(P11,$AH$8:$AI$27,2,FALSE), IF($C$7="02-Series", VLOOKUP(P11,$AC$62:$AD$82,2,FALSE), IF($C$7="03-Series", VLOOKUP(P11,$AG$62:$AH$82,2,FALSE), NA())))) -> 45.5 | Z11: 17 | AA11: 40 | AB11: 12 | AC11: 0.6 | AD11: 19.5 | AE11: 34 | AF11: 9.56 | AG11: 4.5 | AH11: 9.95 | AI11: 4.75 | AK11: 0.056 | AL11: 0.26 | AM11: 1 | AN11: 0 | AO11: 0.56 | AP11: 1.71
E12: Override a | F12: FALSE | H12: 1 | I12: =IF($C$18/Q11 < 0.014, 0.014, $C$18/Q11) -> 0.021978022 | J12: =$C$18/($C$9*$C$16) -> 0.33333333 | K12: =0.506467531924409*(I12)^0.23203728471849 -> 0.2088484 | L12: =IF(J12<=K12,1,0.56) -> 0.56 | M12: =IF(J12<=K12,0,0.863191147423464*(I12)^(-0.234866270653838)) -> 2.116011 | N12: =L12*$C$9*$C$16 + M12*$C$18 -> 3.796011 | O12: =($C$19*N12)*($C$32/($C$29+($C$30-$C$29)*(LN($C$6^-1))^(1/$C$31)))^(1/$C$11) -> 67.135206 | P12: =IF($C$7="Deep Groove", SMALL($AF$8:$AF$27,COUNTIF($AF$8:$AF$27,"<"&O12)+1), IF($C$7="Angular", SMALL($AH$8:$AH$27,COUNTIF($AH$8:$AH$27,"<"&O12)+1), IF($C$7="02-Series", SMALL($AC$62:$AC$82,COUNTIF($AC$62:$AC$82,"<"&O12)+1), IF($C$7="03-Series", SMALL($AG$62:$AG$82,COUNTIF($AG$62:$AG$82,"<"&O12)+1), NA())))) -> 68.9 | Q12: =IF($C$7="Deep Groove",VLOOKUP(P12,$AF$8:$AG$27,2,FALSE), IF($C$7="Angular", VLOOKUP(P12,$AH$8:$AI$27,2,FALSE), IF($C$7="02-Series", VLOOKUP(P12,$AC$62:$AD$82,2,FALSE), IF($C$7="03-Series", VLOOKUP(P12,$AG$62:$AH$82,2,FALSE), NA())))) -> 45.5 | Z12: 20 | AA12: 47 | AB12: 14 | AC12: 1 | AD12: 25 | AE12: 41 | AF12: 12.7 | AG12: 6.2 | AH12: 13.3 | AI12: 6.55 | AK12: 0.07 | AL12: 0.27 | AM12: 1 | AN12: 0 | AO12: 0.56 | AP12: 1.63
H13: 2 | I13: =IF($C$18/Q12 < 0.014, 0.014, $C$18/Q12) -> 0.021978022 | J13: =$C$18/($C$9*$C$16) -> 0.33333333 | K13: =0.506467531924409*(I13)^0.23203728471849 -> 0.2088484 | L13: =IF(J13<=K13,1,0.56) -> 0.56 | M13: =IF(J13<=K13,0,0.863191147423464*(I13)^(-0.234866270653838)) -> 2.116011 | N13: =L13*$C$9*$C$16 + M13*$C$18 -> 3.796011 | O13: =($C$19*N13)*($C$32/($C$29+($C$30-$C$29)*(LN($C$6^-1))^(1/$C$31)))^(1/$C$11) -> 67.135206 | P13: =IF($C$7="Deep Groove", SMALL($AF$8:$AF$27,COUNTIF($AF$8:$AF$27,"<"&O13)+1), IF($C$7="Angular", SMALL($AH$8:$AH$27,COUNTIF($AH$8:$AH$27,"<"&O13)+1), IF($C$7="02-Series", SMALL($AC$62:$AC$82,COUNTIF($AC$62:$AC$82,"<"&O13)+1), IF($C$7="03-Series", SMALL($AG$62:$AG$82,COUNTIF($AG$62:$AG$82,"<"&O13)+1), NA())))) -> 68.9 | Q13: =IF($C$7="Deep Groove",VLOOKUP(P13,$AF$8:$AG$27,2,FALSE), IF($C$7="Angular", VLOOKUP(P13,$AH$8:$AI$27,2,FALSE), IF($C$7="02-Series", VLOOKUP(P13,$AC$62:$AD$82,2,FALSE), IF($C$7="03-Series", VLOOKUP(P13,$AG$62:$AH$82,2,FALSE), NA())))) -> 45.5 | Z13: 25 | AA13: 52 | AB13: 15 | AC13: 1 | AD13: 30 | AE13: 47 | AF13: 14 | AG13: 6.95 | AH13: 14.8 | AI13: 7.65 | AK13: 0.084 | AL13: 0.28 | AM13: 1 | AN13: 0 | AO13: 0.56 | AP13: 1.55
B14: Bearing Loads | H14: 3 | I14: =IF($C$18/Q13 < 0.014, 0.014, $C$18/Q13) -> 0.021978022 | J14: =$C$18/($C$9*$C$16) -> 0.33333333 | K14: =0.506467531924409*(I14)^0.23203728471849 -> 0.2088484 | L14: =IF(J14<=K14,1,0.56) -> 0.56 | M14: =IF(J14<=K14,0,0.863191147423464*(I14)^(-0.234866270653838)) -> 2.116011 | N14: =L14*$C$9*$C$16 + M14*$C$18 -> 3.796011 | O14: =($C$19*N14)*($C$32/($C$29+($C$30-$C$29)*(LN($C$6^-1))^(1/$C$31)))^(1/$C$11) -> 67.135206 | P14: =IF($C$7="Deep Groove", SMALL($AF$8:$AF$27,COUNTIF($AF$8:$AF$27,"<"&O14)+1), IF($C$7="Angular", SMALL($AH$8:$AH$27,COUNTIF($AH$8:$AH$27,"<"&O14)+1), IF($C$7="02-Series", SMALL($AC$62:$AC$82,COUNTIF($AC$62:$AC$82,"<"&O14)+1), IF($C$7="03-Series", SMALL($AG$62:$AG$82,COUNTIF($AG$62:$AG$82,"<"&O14)+1), NA())))) -> 68.9 | Q14: =IF($C$7="Deep Groove",VLOOKUP(P14,$AF$8:$AG$27,2,FALSE), IF($C$7="Angular", VLOOKUP(P14,$AH$8:$AI$27,2,FALSE), IF($C$7="02-Series", VLOOKUP(P14,$AC$62:$AD$82,2,FALSE), IF($C$7="03-Series", VLOOKUP(P14,$AG$62:$AH$82,2,FALSE), NA())))) -> 45.5 | Z14: 30 | AA14: 62 | AB14: 16 | AC14: 1 | AD14: 35 | AE14: 55 | AF14: 19.5 | AG14: 10 | AH14: 20.3 | AI14: 11 | AK14: 0.11 | AL14: 0.3 | AM14: 1 | AN14: 0 | AO14: 0.56 | AP14: 1.45
B15: Input Radial Load, Fr | C15: 3 | D15: =IF($D$2="English","klbf", "kN") -> kN | H15: 4 | I15: =IF($C$18/Q14 < 0.014, 0.014, $C$18/Q14) -> 0.021978022 | J15: =$C$18/($C$9*$C$16) -> 0.33333333 | K15: =0.506467531924409*(I15)^0.23203728471849 -> 0.2088484 | L15: =IF(J15<=K15,1,0.56) -> 0.56 | M15: =IF(J15<=K15,0,0.863191147423464*(I15)^(-0.234866270653838)) -> 2.116011 | N15: =L15*$C$9*$C$16 + M15*$C$18 -> 3.796011 | O15: =($C$19*N15)*($C$32/($C$29+($C$30-$C$29)*(LN($C$6^-1))^(1/$C$31)))^(1/$C$11) -> 67.135206 | P15: =IF($C$7="Deep Groove", SMALL($AF$8:$AF$27,COUNTIF($AF$8:$AF$27,"<"&O15)+1), IF($C$7="Angular", SMALL($AH$8:$AH$27,COUNTIF($AH$8:$AH$27,"<"&O15)+1), IF($C$7="02-Series", SMALL($AC$62:$AC$82,COUNTIF($AC$62:$AC$82,"<"&O15)+1), IF($C$7="03-Series", SMALL($AG$62:$AG$82,COUNTIF($AG$62:$AG$82,"<"&O15)+1), NA())))) -> 68.9 | Q15: =IF($C$7="Deep Groove",VLOOKUP(P15,$AF$8:$AG$27,2,FALSE), IF($C$7="Angular", VLOOKUP(P15,$AH$8:$AI$27,2,FALSE), IF($C$7="02-Series", VLOOKUP(P15,$AC$62:$AD$82,2,FALSE), IF($C$7="03-Series", VLOOKUP(P15,$AG$62:$AH$82,2,FALSE), NA())))) -> 45.5 | Z15: 35 | AA15: 72 | AB15: 17 | AC15: 1 | AD15: 41 | AE15: 65 | AF15: 25.5 | AG15: 13.7 | AH15: 27 | AI15: 15 | AK15: 0.17 | AL15: 0.34 | AM15: 1 | AN15: 0 | AO15: 0.56 | AP15: 1.31
C16: =IF($D$2="English",C15*4.448, C15) -> 3 | D16: kN | H16: 5 | I16: =IF($C$18/Q15 < 0.014, 0.014, $C$18/Q15) -> 0.021978022 | J16: =$C$18/($C$9*$C$16) -> 0.33333333 | K16: =0.506467531924409*(I16)^0.23203728471849 -> 0.2088484 | L16: =IF(J16<=K16,1,0.56) -> 0.56 | M16: =IF(J16<=K16,0,0.863191147423464*(I16)^(-0.234866270653838)) -> 2.116011 | N16: =L16*$C$9*$C$16 + M16*$C$18 -> 3.796011 | O16: =($C$19*N16)*($C$32/($C$29+($C$30-$C$29)*(LN($C$6^-1))^(1/$C$31)))^(1/$C$11) -> 67.135206 | P16: =IF($C$7="Deep Groove", SMALL($AF$8:$AF$27,COUNTIF($AF$8:$AF$27,"<"&O16)+1), IF($C$7="Angular", SMALL($AH$8:$AH$27,COUNTIF($AH$8:$AH$27,"<"&O16)+1), IF($C$7="02-Series", SMALL($AC$62:$AC$82,COUNTIF($AC$62:$AC$82,"<"&O16)+1), IF($C$7="03-Series", SMALL($AG$62:$AG$82,COUNTIF($AG$62:$AG$82,"<"&O16)+1), NA())))) -> 68.9 | Q16: =IF($C$7="Deep Groove",VLOOKUP(P16,$AF$8:$AG$27,2,FALSE), IF($C$7="Angular", VLOOKUP(P16,$AH$8:$AI$27,2,FALSE), IF($C$7="02-Series", VLOOKUP(P16,$AC$62:$AD$82,2,FALSE), IF($C$7="03-Series", VLOOKUP(P16,$AG$62:$AH$82,2,FALSE), NA())))) -> 45.5 | Z16: 40 | AA16: 80 | AB16: 18 | AC16: 1 | AD16: 46 | AE16: 72 | AF16: 30.7 | AG16: 16.6 | AH16: 31.9 | AI16: 18.6 | AK16: 0.28 | AL16: 0.38 | AM16: 1 | AN16: 0 | AO16: 0.56 | AP16: 1.15
B17: Input Axial Load, FA | C17: 1 | D17: =IF($D$2="English","klbf", "kN") -> kN | H17: 6 | I17: =IF($C$18/Q16 < 0.014, 0.014, $C$18/Q16) -> 0.021978022 | J17: =$C$18/($C$9*$C$16) -> 0.33333333 | K17: =0.506467531924409*(I17)^0.23203728471849 -> 0.2088484 | L17: =IF(J17<=K17,1,0.56) -> 0.56 | M17: =IF(J17<=K17,0,0.863191147423464*(I17)^(-0.234866270653838)) -> 2.116011 | N17: =L17*$C$9*$C$16 + M17*$C$18 -> 3.796011 | O17: =($C$19*N17)*($C$32/($C$29+($C$30-$C$29)*(LN($C$6^-1))^(1/$C$31)))^(1/$C$11) -> 67.135206 | P17: =IF($C$7="Deep Groove", SMALL($AF$8:$AF$27,COUNTIF($AF$8:$AF$27,"<"&O17)+1), IF($C$7="Angular", SMALL($AH$8:$AH$27,COUNTIF($AH$8:$AH$27,"<"&O17)+1), IF($C$7="02-Series", SMALL($AC$62:$AC$82,COUNTIF($AC$62:$AC$82,"<"&O17)+1), IF($C$7="03-Series", SMALL($AG$62:$AG$82,COUNTIF($AG$62:$AG$82,"<"&O17)+1), NA())))) -> 68.9 | Q17: =IF($C$7="Deep Groove",VLOOKUP(P17,$AF$8:$AG$27,2,FALSE), IF($C$7="Angular", VLOOKUP(P17,$AH$8:$AI$27,2,FALSE), IF($C$7="02-Series", VLOOKUP(P17,$AC$62:$AD$82,2,FALSE), IF($C$7="03-Series", VLOOKUP(P17,$AG$62:$AH$82,2,FALSE), NA())))) -> 45.5 | Z17: 45 | AA17: 85 | AB17: 19 | AC17: 1 | AD17: 52 | AE17: 77 | AF17: 33.2 | AG17: 18.6 | AH17: 35.8 | AI17: 21.2 | AK17: 0.42 | AL17: 0.42 | AM17: 1 | AN17: 0 | AO17: 0.56 | AP17: 1.04
C18: =IF($D$2="English",C17*4.448, C17) -> 1 | D18: kN | H18: 7 | I18: =IF($C$18/Q17 < 0.014, 0.014, $C$18/Q17) -> 0.021978022 | J18: =$C$18/($C$9*$C$16) -> 0.33333333 | K18: =0.506467531924409*(I18)^0.23203728471849 -> 0.2088484 | L18: =IF(J18<=K18,1,0.56) -> 0.56 | M18: =IF(J18<=K18,0,0.863191147423464*(I18)^(-0.234866270653838)) -> 2.116011 | N18: =L18*$C$9*$C$16 + M18*$C$18 -> 3.796011 | O18: =($C$19*N18)*($C$32/($C$29+($C$30-$C$29)*(LN($C$6^-1))^(1/$C$31)))^(1/$C$11) -> 67.135206 | P18: =IF($C$7="Deep Groove", SMALL($AF$8:$AF$27,COUNTIF($AF$8:$AF$27,"<"&O18)+1), IF($C$7="Angular", SMALL($AH$8:$AH$27,COUNTIF($AH$8:$AH$27,"<"&O18)+1), IF($C$7="02-Series", SMALL($AC$62:$AC$82,COUNTIF($AC$62:$AC$82,"<"&O18)+1), IF($C$7="03-Series", SMALL($AG$62:$AG$82,COUNTIF($AG$62:$AG$82,"<"&O18)+1), NA())))) -> 68.9 | Q18: =IF($C$7="Deep Groove",VLOOKUP(P18,$AF$8:$AG$27,2,FALSE), IF($C$7="Angular", VLOOKUP(P18,$AH$8:$AI$27,2,FALSE), IF($C$7="02-Series", VLOOKUP(P18,$AC$62:$AD$82,2,FALSE), IF($C$7="03-Series", VLOOKUP(P18,$AG$62:$AH$82,2,FALSE), NA())))) -> 45.5 | Z18: 50 | AA18: 90 | AB18: 20 | AC18: 1 | AD18: 56 | AE18: 82 | AF18: 35.1 | AG18: 19.6 | AH18: 37.7 | AI18: 22.8 | AK18: 0.56 | AL18: 0.44 | AM18: 1 | AN18: 0 | AO18: 0.56 | AP18: 1
B19: Load Application Factor, af | C19: 1.4 | H19: 8 | I19: =IF($C$18/Q18 < 0.014, 0.014, $C$18/Q18) -> 0.021978022 | J19: =$C$18/($C$9*$C$16) -> 0.33333333 | K19: =0.506467531924409*(I19)^0.23203728471849 -> 0.2088484 | L19: =IF(J19<=K19,1,0.56) -> 0.56 | M19: =IF(J19<=K19,0,0.863191147423464*(I19)^(-0.234866270653838)) -> 2.116011 | N19: =L19*$C$9*$C$16 + M19*$C$18 -> 3.796011 | O19: =($C$19*N19)*($C$32/($C$29+($C$30-$C$29)*(LN($C$6^-1))^(1/$C$31)))^(1/$C$11) -> 67.135206 | P19: =IF($C$7="Deep Groove", SMALL($AF$8:$AF$27,COUNTIF($AF$8:$AF$27,"<"&O19)+1), IF($C$7="Angular", SMALL($AH$8:$AH$27,COUNTIF($AH$8:$AH$27,"<"&O19)+1), IF($C$7="02-Series", SMALL($AC$62:$AC$82,COUNTIF($AC$62:$AC$82,"<"&O19)+1), IF($C$7="03-Series", SMALL($AG$62:$AG$82,COUNTIF($AG$62:$AG$82,"<"&O19)+1), NA())))) -> 68.9 | Q19: =IF($C$7="Deep Groove",VLOOKUP(P19,$AF$8:$AG$27,2,FALSE), IF($C$7="Angular", VLOOKUP(P19,$AH$8:$AI$27,2,FALSE), IF($C$7="02-Series", VLOOKUP(P19,$AC$62:$AD$82,2,FALSE), IF($C$7="03-Series", VLOOKUP(P19,$AG$62:$AH$82,2,FALSE), NA())))) -> 45.5 | Z19: 55 | AA19: 100 | AB19: 21 | AC19: 1.5 | AD19: 63 | AE19: 90 | AF19: 43.6 | AG19: 25 | AH19: 46.2 | AI19: 28.5
H20: 9 | I20: =IF($C$18/Q19 < 0.014, 0.014, $C$18/Q19) -> 0.021978022 | J20: =$C$18/($C$9*$C$16) -> 0.33333333 | K20: =0.506467531924409*(I20)^0.23203728471849 -> 0.2088484 | L20: =IF(J20<=K20,1,0.56) -> 0.56 | M20: =IF(J20<=K20,0,0.863191147423464*(I20)^(-0.234866270653838)) -> 2.116011 | N20: =L20*$C$9*$C$16 + M20*$C$18 -> 3.796011 | O20: =($C$19*N20)*($C$32/($C$29+($C$30-$C$29)*(LN($C$6^-1))^(1/$C$31)))^(1/$C$11) -> 67.135206 | P20: =IF($C$7="Deep Groove", SMALL($AF$8:$AF$27,COUNTIF($AF$8:$AF$27,"<"&O20)+1), IF($C$7="Angular", SMALL($AH$8:$AH$27,COUNTIF($AH$8:$AH$27,"<"&O20)+1), IF($C$7="02-Series", SMALL($AC$62:$AC$82,COUNTIF($AC$62:$AC$82,"<"&O20)+1), IF($C$7="03-Series", SMALL($AG$62:$AG$82,COUNTIF($AG$62:$AG$82,"<"&O20)+1), NA())))) -> 68.9 | Q20: =IF($C$7="Deep Groove",VLOOKUP(P20,$AF$8:$AG$27,2,FALSE), IF($C$7="Angular", VLOOKUP(P20,$AH$8:$AI$27,2,FALSE), IF($C$7="02-Series", VLOOKUP(P20,$AC$62:$AD$82,2,FALSE), IF($C$7="03-Series", VLOOKUP(P20,$AG$62:$AH$82,2,FALSE), NA())))) -> 45.5 | Z20: 60 | AA20: 110 | AB20: 22 | AC20: 1.5 | AD20: 70 | AE20: 99 | AF20: 47.5 | AG20: 28 | AH20: 55.9 | AI20: 35.5
B21: Design Cycle Lifetime | H21: 10 | I21: =IF($C$18/Q20 < 0.014, 0.014, $C$18/Q20) -> 0.021978022 | J21: =$C$18/($C$9*$C$16) -> 0.33333333 | K21: =0.506467531924409*(I21)^0.23203728471849 -> 0.2088484 | L21: =IF(J21<=K21,1,0.56) -> 0.56 | M21: =IF(J21<=K21,0,0.863191147423464*(I21)^(-0.234866270653838)) -> 2.116011 | N21: =L21*$C$9*$C$16 + M21*$C$18 -> 3.796011 | O21: =($C$19*N21)*($C$32/($C$29+($C$30-$C$29)*(LN($C$6^-1))^(1/$C$31)))^(1/$C$11) -> 67.135206 | P21: =IF($C$7="Deep Groove", SMALL($AF$8:$AF$27,COUNTIF($AF$8:$AF$27,"<"&O21)+1), IF($C$7="Angular", SMALL($AH$8:$AH$27,COUNTIF($AH$8:$AH$27,"<"&O21)+1), IF($C$7="02-Series", SMALL($AC$62:$AC$82,COUNTIF($AC$62:$AC$82,"<"&O21)+1), IF($C$7="03-Series", SMALL($AG$62:$AG$82,COUNTIF($AG$62:$AG$82,"<"&O21)+1), NA())))) -> 68.9 | Q21: =IF($C$7="Deep Groove",VLOOKUP(P21,$AF$8:$AG$27,2,FALSE), IF($C$7="Angular", VLOOKUP(P21,$AH$8:$AI$27,2,FALSE), IF($C$7="02-Series", VLOOKUP(P21,$AC$62:$AD$82,2,FALSE), IF($C$7="03-Series", VLOOKUP(P21,$AG$62:$AH$82,2,FALSE), NA())))) -> 45.5 | Z21: 65 | AA21: 120 | AB21: 23 | AC21: 1.5 | AD21: 74 | AE21: 109 | AF21: 55.9 | AG21: 34 | AH21: 63.7 | AI21: 41.5
B22: Lifetime, ℒD | C22: 40000 | D22: hrs | Z22: 70 | AA22: 125 | AB22: 24 | AC22: 1.5 | AD22: 79 | AE22: 114 | AF22: 61.8 | AG22: 37.5 | AH22: 68.9 | AI22: 45.5
B23: Rotation Speed, n | C23: 520 | D23: rpm | H23: Final Iterated Values | Z23: 75 | AA23: 130 | AB23: 25 | AC23: 1.5 | AD23: 86 | AE23: 119 | AF23: 66.3 | AG23: 40.5 | AH23: 71.5 | AI23: 49
B24: Design Lifetime, LD | C24: =IF(F25,C25,C22*C23*60) -> 1248000000 | D24: revs | H24: Iterated C10 | I24: =P21 -> 68.9 | J24: kN | Z24: 80 | AA24: 140 | AB24: 26 | AC24: 2 | AD24: 93 | AE24: 127 | AF24: 70.2 | AG24: 45 | AH24: 80.6 | AI24: 55
C25: 100000000 | D25: revs | E25: Override LD | F25: FALSE | I25: =I24/4.448 -> 15.490108 | J25: klbf | Z25: 85 | AA25: 150 | AB25: 28 | AC25: 2 | AD25: 99 | AE25: 136 | AF25: 83.2 | AG25: 53 | AH25: 90.4 | AI25: 63
H26: Iterated C0 | I26: =Q21 -> 45.5 | J26: kN | Z26: 90 | AA26: 160 | AB26: 30 | AC26: 2 | AD26: 104 | AE26: 146 | AF26: 95.6 | AG26: 62 | AH26: 106 | AI26: 73.5
B27: Weibull Paramters Automattically Based on Bearing Brand | E27: RD for 90% = | F27: =EXP(-1*((1 - C29) / (C30 - C29))^C31) -> 0.8990379 | I27: =I26/4.448 -> 10.229317 | J27: klbf | Z27: 95 | AA27: 170 | AB27: 32 | AC27: 2 | AD27: 110 | AE27: 156 | AF27: 108 | AG27: 69.5 | AH27: 121 | AI27: 85
B28: Rating Life, L10 | C28: =IF(F36,C37,VLOOKUP($C$5,$T$6:$X$7,2,FALSE)) -> 1000000 | D28: revs
B29: x0 | C29: =IF(F36,C38,VLOOKUP($C$5,$T$6:$X$7,3,FALSE)) -> 0.02
B30: θ | C30: =IF(F36,C40,VLOOKUP($C$5,$T$6:$X$7,4,FALSE)) -> 4.459
B31: b | C31: =IF(F36,C42,VLOOKUP($C$5,$T$6:$X$7,5,FALSE)) -> 1.483
B32: Nomormalized Lifetime by Design, xD | C32: =IF(F33,C33,C24/C28) -> 1248 | D32: revs
D33: revs | E33: Override xD | F33: FALSE
B34: Normalized Lifetime, xB | C34: =C29+(C30-C29)*(LN(C6^-1))^(1/C31) -> 0.61905626 | E34: For RD | F34: =C6 -> 0.95
B36: Weibull Parameters | E36: Override Weibull Parameters | F36: FALSE
B37: Rating Life, L10 | C37: =10^6 -> 1000000 | D37: revs
B38: x0 | C38: 0.02
B39: θ - x0 | C39: 4.439
B40: θ | C40: =IF(F41,C41,C39+C38) -> 4.459
D41: revs | E41: Override θ | F41: FALSE
B42: b | C42: 1.483
Z58: Table 11-3
AA59: 02-Series | AE59: 03-Series
Z60: Bore | AA60: OD | AB60: Width | AC60: Load Rating | AE60: OD | AF60: Width | AG60: Load Rating
AC61: C10 | AD61: C0 | AG61: C10 | AH61: C0
Z62: 25 | AA62: 52 | AB62: 15 | AC62: 16.8 | AD62: 8.8 | AE62: 62 | AF62: 17 | AG62: 28.6 | AH62: 15
Z63: 30 | AA63: 62 | AB63: 16 | AC63: 22.4 | AD63: 12 | AE63: 72 | AF63: 19 | AG63: 36.9 | AH63: 20
Z64: 35 | AA64: 72 | AB64: 17 | AC64: 31.9 | AD64: 17.6 | AE64: 80 | AF64: 21 | AG64: 44.6 | AH64: 27.1
Z65: 40 | AA65: 80 | AB65: 18 | AC65: 41.8 | AD65: 24 | AE65: 90 | AF65: 23 | AG65: 56.1 | AH65: 32.5
Z66: 45 | AA66: 85 | AB66: 19 | AC66: 44 | AD66: 25.5 | AE66: 100 | AF66: 25 | AG66: 72.1 | AH66: 45.4
Z67: 50 | AA67: 90 | AB67: 20 | AC67: 45.7 | AD67: 27.5 | AE67: 110 | AF67: 27 | AG67: 88 | AH67: 52
Z68: 55 | AA68: 100 | AB68: 21 | AC68: 56.1 | AD68: 34 | AE68: 120 | AF68: 29 | AG68: 102 | AH68: 67.2
Z69: 60 | AA69: 110 | AB69: 22 | AC69: 64.4 | AD69: 43.1 | AE69: 130 | AF69: 31 | AG69: 123 | AH69: 76.5
Z70: 65 | AA70: 120 | AB70: 23 | AC70: 76.5 | AD70: 51.2 | AE70: 140 | AF70: 33 | AG70: 138 | AH70: 85
Z71: 70 | AA71: 125 | AB71: 24 | AC71: 79.2 | AD71: 51.2 | AE71: 150 | AF71: 35 | AG71: 151 | AH71: 102
Z72: 75 | AA72: 130 | AB72: 25 | AC72: 93.1 | AD72: 69.4 | AE72: 160 | AF72: 37 | AG72: 183 | AH72: 125
Z73: 80 | AA73: 140 | AB73: 26 | AC73: 106 | AD73: 78.3 | AE73: 170 | AF73: 39 | AG73: 190 | AH73: 125
... Z82: 150 | AA82: 270 | AB82: 45 | AC82: 446 | AD82: 320 | AE82: 320 | AF82: 65 | AG82: 781 | AH82: 502

Sheet Shaft Moments Sprdsht Quiz 6 P3
I1: =_xlfn.CONCAT("x"," [",G2,"]") -> x [in] | J1: =_xlfn.CONCAT("moment about the z-axis"," [*10^3 ", E25,"]") -> moment about the z-axis [*10^3 in-lbf] | K1: =_xlfn.CONCAT("moment about the y-axis"," [*10^3 ", E25,"]") -> moment about the y-axis [*10^3 in-lbf] | L1: =_xlfn.CONCAT("Net Moment"," [*10^3 ", E25,"]") -> Net Moment [*10^3 in-lbf]
C2: Inputs | E2: step size | F2: =D5/1000 -> 0.04 | G2: =IF($D$4="English","in", "mm") -> in | I2: 0 | J2: =D$29*($I2/1000)+D$18*(($I2/1000)-($D$8/1000))*(($I2/1000)>($D$8/1000))+D$19*(($I2/1000)-($D$9/1000))*(($I2/1000)>($D$9/1000))+D$20*(($I2/1000)-($D$10/1000))*(($I2/1000)>($D$10/1000))+D$21*(($I2/1000)-($D$11/1000))*(($I2/1000)>($D$11/1000)) -> 0 | K2: =E$29*($I2/1000)+E$18*(($I2/1000)-($D$8/1000))*(($I2/1000)>($D$8/1000))+E$19*(($I2/1000)-($D$9/1000))*(($I2/1000)>($D$9/1000))+E$20*(($I2/1000)-($D$10/1000))*(($I2/1000)>($D$10/1000))+E$21*(($I2/1000)-($D$11/1000))*(($I2/1000)>($D$11/1000)) -> 0 | L2: =SQRT((J2^2)+(K2^2)) -> 0
I3: =IF((ROW(A1)*$F$2)<=$D$5, ROW(A1)*$F$2,NA()) -> 0.04 | J3: =D$29*($I3/1000)+D$18*(($I3/1000)-($D$8/1000))*(($I3/1000)>($D$8/1000))+D$19*(($I3/1000)-($D$9/1000))*(($I3/1000)>($D$9/1000))+D$20*(($I3/1000)-($D$10/1000))*(($I3/1000)>($D$10/1000))+D$21*(($I3/1000)-($D$11/1000))*(($I3/1000)>($D$11/1000)) -> 0 | K3: =E$29*($I3/1000)+E$18*(($I3/1000)-($D$8/1000))*(($I3/1000)>($D$8/1000))+E$19*(($I3/1000)-($D$9/1000))*(($I3/1000)>($D$9/1000))+E$20*(($I3/1000)-($D$10/1000))*(($I3/1000)>($D$10/1000))+E$21*(($I3/1000)-($D$11/1000))*(($I3/1000)>($D$11/1000)) -> -0.01173 | L3: =SQRT((J3^2)+(K3^2)) -> 0.01173
C4: Units | D4: English | I4: =IF((ROW(A2)*$F$2)<=$D$5, ROW(A2)*$F$2,NA()) -> 0.08 | J4: =D$29*($I4/1000)+D$18*(($I4/1000)-($D$8/1000))*(($I4/1000)>($D$8/1000))+D$19*(($I4/1000)-($D$9/1000))*(($I4/1000)>($D$9/1000))+D$20*(($I4/1000)-($D$10/1000))*(($I4/1000)>($D$10/1000))+D$21*(($I4/1000)-($D$11/1000))*(($I4/1000)>($D$11/1000)) -> 0 | K4: =E$29*($I4/1000)+E$18*(($I4/1000)-($D$8/1000))*(($I4/1000)>($D$8/1000))+E$19*(($I4/1000)-($D$9/1000))*(($I4/1000)>($D$9/1000))+E$20*(($I4/1000)-($D$10/1000))*(($I4/1000)>($D$10/1000))+E$21*(($I4/1000)-($D$11/1000))*(($I4/1000)>($D$11/1000)) -> -0.02346 | L4: =SQRT((J4^2)+(K4^2)) -> 0.02346
C5: Shaft Length | D5: =10+18+12 -> 40 | E5: =IF($D$4="English","in", "mm") -> in | I5: =IF((ROW(A3)*$F$2)<=$D$5, ROW(A3)*$F$2,NA()) -> 0.12 | J5: =D$29*($I5/1000)+D$18*(($I5/1000)-($D$8/1000))*(($I5/1000)>($D$8/1000))+D$19*(($I5/1000)-($D$9/1000))*(($I5/1000)>($D$9/1000))+D$20*(($I5/1000)-($D$10/1000))*(($I5/1000)>($D$10/1000))+D$21*(($I5/1000)-($D$11/1000))*(($I5/1000)>($D$11/1000)) -> 0 | K5: =E$29*($I5/1000)+E$18*(($I5/1000)-($D$8/1000))*(($I5/1000)>($D$8/1000))+E$19*(($I5/1000)-($D$9/1000))*(($I5/1000)>($D$9/1000))+E$20*(($I5/1000)-($D$10/1000))*(($I5/1000)>($D$10/1000))+E$21*(($I5/1000)-($D$11/1000))*(($I5/1000)>($D$11/1000)) -> -0.03519 | L5: =SQRT((J5^2)+(K5^2)) -> 0.03519
I6: =IF((ROW(A4)*$F$2)<=$D$5, ROW(A4)*$F$2,NA()) -> 0.16 | J6: =D$29*($I6/1000)+D$18*(($I6/1000)-($D$8/1000))*(($I6/1000)>($D$8/1000))+D$19*(($I6/1000)-($D$9/1000))*(($I6/1000)>($D$9/1000))+D$20*(($I6/1000)-($D$10/1000))*(($I6/1000)>($D$10/1000))+D$21*(($I6/1000)-($D$11/1000))*(($I6/1000)>($D$11/1000)) -> 0 | K6: =E$29*($I6/1000)+E$18*(($I6/1000)-($D$8/1000))*(($I6/1000)>($D$8/1000))+E$19*(($I6/1000)-($D$9/1000))*(($I6/1000)>($D$9/1000))+E$20*(($I6/1000)-($D$10/1000))*(($I6/1000)>($D$10/1000))+E$21*(($I6/1000)-($D$11/1000))*(($I6/1000)>($D$11/1000)) -> -0.04692 | L6: =SQRT((J6^2)+(K6^2)) -> 0.04692
C7: Location of forces along axis | I7: =IF((ROW(A5)*$F$2)<=$D$5, ROW(A5)*$F$2,NA()) -> 0.2 | J7: =D$29*($I7/1000)+D$18*(($I7/1000)-($D$8/1000))*(($I7/1000)>($D$8/1000))+D$19*(($I7/1000)-($D$9/1000))*(($I7/1000)>($D$9/1000))+D$20*(($I7/1000)-($D$10/1000))*(($I7/1000)>($D$10/1000))+D$21*(($I7/1000)-($D$11/1000))*(($I7/1000)>($D$11/1000)) -> 0 | K7: =E$29*($I7/1000)+E$18*(($I7/1000)-($D$8/1000))*(($I7/1000)>($D$8/1000))+E$19*(($I7/1000)-($D$9/1000))*(($I7/1000)>($D$9/1000))+E$20*(($I7/1000)-($D$10/1000))*(($I7/1000)>($D$10/1000))+E$21*(($I7/1000)-($D$11/1000))*(($I7/1000)>($D$11/1000)) -> -0.05865 | L7: =SQRT((J7^2)+(K7^2)) -> 0.05865
B8: 500lb | C8: Force 1 | D8: 10 | E8: =IF($D$4="English","in", "mm") -> in | I8: =IF((ROW(A6)*$F$2)<=$D$5, ROW(A6)*$F$2,NA()) -> 0.24 | J8: =D$29*($I8/1000)+D$18*(($I8/1000)-($D$8/1000))*(($I8/1000)>($D$8/1000))+D$19*(($I8/1000)-($D$9/1000))*(($I8/1000)>($D$9/1000))+D$20*(($I8/1000)-($D$10/1000))*(($I8/1000)>($D$10/1000))+D$21*(($I8/1000)-($D$11/1000))*(($I8/1000)>($D$11/1000)) -> 0 | K8: =E$29*($I8/1000)+E$18*(($I8/1000)-($D$8/1000))*(($I8/1000)>($D$8/1000))+E$19*(($I8/1000)-($D$9/1000))*(($I8/1000)>($D$9/1000))+E$20*(($I8/1000)-($D$10/1000))*(($I8/1000)>($D$10/1000))+E$21*(($I8/1000)-($D$11/1000))*(($I8/1000)>($D$11/1000)) -> -0.07038 | L8: =SQRT((J8^2)+(K8^2)) -> 0.07038
B9: 75lb | C9: Force 2 | D9: 10 | E9: =IF($D$4="English","in", "mm") -> in | I9: =IF((ROW(A7)*$F$2)<=$D$5, ROW(A7)*$F$2,NA()) -> 0.28 | J9: =D$29*($I9/1000)+D$18*(($I9/1000)-($D$8/1000))*(($I9/1000)>($D$8/1000))+D$19*(($I9/1000)-($D$9/1000))*(($I9/1000)>($D$9/1000))+D$20*(($I9/1000)-($D$10/1000))*(($I9/1000)>($D$10/1000))+D$21*(($I9/1000)-($D$11/1000))*(($I9/1000)>($D$11/1000)) -> 0 | K9: =E$29*($I9/1000)+E$18*(($I9/1000)-($D$8/1000))*(($I9/1000)>($D$8/1000))+E$19*(($I9/1000)-($D$9/1000))*(($I9/1000)>($D$9/1000))+E$20*(($I9/1000)-($D$10/1000))*(($I9/1000)>($D$10/1000))+E$21*(($I9/1000)-($D$11/1000))*(($I9/1000)>($D$11/1000)) -> -0.08211 | L9: =SQRT((J9^2)+(K9^2)) -> 0.08211
B10: T2 | C10: Force 3 | D10: =10+18 -> 28 | E10: =IF($D$4="English","in", "mm") -> in | I10: =IF((ROW(A8)*$F$2)<=$D$5, ROW(A8)*$F$2,NA()) -> 0.32 | J10: =D$29*($I10/1000)+D$18*(($I10/1000)-($D$8/1000))*(($I10/1000)>($D$8/1000))+D$19*(($I10/1000)-($D$9/1000))*(($I10/1000)>($D$9/1000))+D$20*(($I10/1000)-($D$10/1000))*(($I10/1000)>($D$10/1000))+D$21*(($I10/1000)-($D$11/1000))*(($I10/1000)>($D$11/1000)) -> 0 | K10: =E$29*($I10/1000)+E$18*(($I10/1000)-($D$8/1000))*(($I10/1000)>($D$8/1000))+E$19*(($I10/1000)-($D$9/1000))*(($I10/1000)>($D$9/1000))+E$20*(($I10/1000)-($D$10/1000))*(($I10/1000)>($D$10/1000))+E$21*(($I10/1000)-($D$11/1000))*(($I10/1000)>($D$11/1000)) -> -0.09384 | L10: =SQRT((J10^2)+(K10^2)) -> 0.09384
B11: T1 | C11: Force 4 | D11: =10+18 -> 28 | E11: =IF($D$4="English","in", "mm") -> in | I11: =IF((ROW(A9)*$F$2)<=$D$5, ROW(A9)*$F$2,NA()) -> 0.36 | J11: =D$29*($I11/1000)+D$18*(($I11/1000)-($D$8/1000))*(($I11/1000)>($D$8/1000))+D$19*(($I11/1000)-($D$9/1000))*(($I11/1000)>($D$9/1000))+D$20*(($I11/1000)-($D$10/1000))*(($I11/1000)>($D$10/1000))+D$21*(($I11/1000)-($D$11/1000))*(($I11/1000)>($D$11/1000)) -> 0 | K11: =E$29*($I11/1000)+E$18*(($I11/1000)-($D$8/1000))*(($I11/1000)>($D$8/1000))+E$19*(($I11/1000)-($D$9/1000))*(($I11/1000)>($D$9/1000))+E$20*(($I11/1000)-($D$10/1000))*(($I11/1000)>($D$10/1000))+E$21*(($I11/1000)-($D$11/1000))*(($I11/1000)>($D$11/1000)) -> -0.10557 | L11: =SQRT((J11^2)+(K11^2)) -> 0.10557
I12: =IF((ROW(A10)*$F$2)<=$D$5, ROW(A10)*$F$2,NA()) -> 0.4 | J12: =D$29*($I12/1000)+D$18*(($I12/1000)-($D$8/1000))*(($I12/1000)>($D$8/1000))+D$19*(($I12/1000)-($D$9/1000))*(($I12/1000)>($D$9/1000))+D$20*(($I12/1000)-($D$10/1000))*(($I12/1000)>($D$10/1000))+D$21*(($I12/1000)-($D$11/1000))*(($I12/1000)>($D$11/1000)) -> 0 | K12: =E$29*($I12/1000)+E$18*(($I12/1000)-($D$8/1000))*(($I12/1000)>($D$8/1000))+E$19*(($I12/1000)-($D$9/1000))*(($I12/1000)>($D$9/1000))+E$20*(($I12/1000)-($D$10/1000))*(($I12/1000)>($D$10/1000))+E$21*(($I12/1000)-($D$11/1000))*(($I12/1000)>($D$11/1000)) -> -0.1173 | L12: =SQRT((J12^2)+(K12^2)) -> 0.1173
C13: Gear Diameters | I13: =IF((ROW(A11)*$F$2)<=$D$5, ROW(A11)*$F$2,NA()) -> 0.44 | J13: =D$29*($I13/1000)+D$18*(($I13/1000)-($D$8/1000))*(($I13/1000)>($D$8/1000))+D$19*(($I13/1000)-($D$9/1000))*(($I13/1000)>($D$9/1000))+D$20*(($I13/1000)-($D$10/1000))*(($I13/1000)>($D$10/1000))+D$21*(($I13/1000)-($D$11/1000))*(($I13/1000)>($D$11/1000)) -> 0 | K13: =E$29*($I13/1000)+E$18*(($I13/1000)-($D$8/1000))*(($I13/1000)>($D$8/1000))+E$19*(($I13/1000)-($D$9/1000))*(($I13/1000)>($D$9/1000))+E$20*(($I13/1000)-($D$10/1000))*(($I13/1000)>($D$10/1000))+E$21*(($I13/1000)-($D$11/1000))*(($I13/1000)>($D$11/1000)) -> -0.12903 | L13: =SQRT((J13^2)+(K13^2)) -> 0.12903
B14: A | C14: Gear A | D14: 8 | E14: =IF($D$4="English","in", "mm") -> in | I14: =IF((ROW(A12)*$F$2)<=$D$5, ROW(A12)*$F$2,NA()) -> 0.48 | J14: =D$29*($I14/1000)+D$18*(($I14/1000)-($D$8/1000))*(($I14/1000)>($D$8/1000))+D$19*(($I14/1000)-($D$9/1000))*(($I14/1000)>($D$9/1000))+D$20*(($I14/1000)-($D$10/1000))*(($I14/1000)>($D$10/1000))+D$21*(($I14/1000)-($D$11/1000))*(($I14/1000)>($D$11/1000)) -> 0 | K14: =E$29*($I14/1000)+E$18*(($I14/1000)-($D$8/1000))*(($I14/1000)>($D$8/1000))+E$19*(($I14/1000)-($D$9/1000))*(($I14/1000)>($D$9/1000))+E$20*(($I14/1000)-($D$10/1000))*(($I14/1000)>($D$10/1000))+E$21*(($I14/1000)-($D$11/1000))*(($I14/1000)>($D$11/1000)) -> -0.14076 | L14: =SQRT((J14^2)+(K14^2)) -> 0.14076
B15: B | C15: Gear B | D15: 10 | E15: =IF($D$4="English","in", "mm") -> in | I15: =IF((ROW(A13)*$F$2)<=$D$5, ROW(A13)*$F$2,NA()) -> 0.52 | J15: =D$29*($I15/1000)+D$18*(($I15/1000)-($D$8/1000))*(($I15/1000)>($D$8/1000))+D$19*(($I15/1000)-($D$9/1000))*(($I15/1000)>($D$9/1000))+D$20*(($I15/1000)-($D$10/1000))*(($I15/1000)>($D$10/1000))+D$21*(($I15/1000)-($D$11/1000))*(($I15/1000)>($D$11/1000)) -> 0 | K15: =E$29*($I15/1000)+E$18*(($I15/1000)-($D$8/1000))*(($I15/1000)>($D$8/1000))+E$19*(($I15/1000)-($D$9/1000))*(($I15/1000)>($D$9/1000))+E$20*(($I15/1000)-($D$10/1000))*(($I15/1000)>($D$10/1000))+E$21*(($I15/1000)-($D$11/1000))*(($I15/1000)>($D$11/1000)) -> -0.15249 | L15: =SQRT((J15^2)+(K15^2)) -> 0.15249
I16: =IF((ROW(A14)*$F$2)<=$D$5, ROW(A14)*$F$2,NA()) -> 0.56 | J16: =D$29*($I16/1000)+D$18*(($I16/1000)-($D$8/1000))*(($I16/1000)>($D$8/1000))+D$19*(($I16/1000)-($D$9/1000))*(($I16/1000)>($D$9/1000))+D$20*(($I16/1000)-($D$10/1000))*(($I16/1000)>($D$10/1000))+D$21*(($I16/1000)-($D$11/1000))*(($I16/1000)>($D$11/1000)) -> 0 | K16: =E$29*($I16/1000)+E$18*(($I16/1000)-($D$8/1000))*(($I16/1000)>($D$8/1000))+E$19*(($I16/1000)-($D$9/1000))*(($I16/1000)>($D$9/1000))+E$20*(($I16/1000)-($D$10/1000))*(($I16/1000)>($D$10/1000))+E$21*(($I16/1000)-($D$11/1000))*(($I16/1000)>($D$11/1000)) -> -0.16422 | L16: =SQRT((J16^2)+(K16^2)) -> 0.16422
C17: Magnitude of the Forces | D17: y-direction | E17: z-direction | F17: Magnitude | I17: =IF((ROW(A15)*$F$2)<=$D$5, ROW(A15)*$F$2,NA()) -> 0.6 | J17: =D$29*($I17/1000)+D$18*(($I17/1000)-($D$8/1000))*(($I17/1000)>($D$8/1000))+D$19*(($I17/1000)-($D$9/1000))*(($I17/1000)>($D$9/1000))+D$20*(($I17/1000)-($D$10/1000))*(($I17/1000)>($D$10/1000))+D$21*(($I17/1000)-($D$11/1000))*(($I17/1000)>($D$11/1000)) -> 0 | K17: =E$29*($I17/1000)+E$18*(($I17/1000)-($D$8/1000))*(($I17/1000)>($D$8/1000))+E$19*(($I17/1000)-($D$9/1000))*(($I17/1000)>($D$9/1000))+E$20*(($I17/1000)-($D$10/1000))*(($I17/1000)>($D$10/1000))+E$21*(($I17/1000)-($D$11/1000))*(($I17/1000)>($D$11/1000)) -> -0.17595 | L17: =SQRT((J17^2)+(K17^2)) -> 0.17595
B18: 500lb | C18: Force 1 | E18: 500 | G18: =IF($D$4="English","lbf", "N") -> lbf | I18: =IF((ROW(A16)*$F$2)<=$D$5, ROW(A16)*$F$2,NA()) -> 0.64 | J18: =D$29*($I18/1000)+D$18*(($I18/1000)-($D$8/1000))*(($I18/1000)>($D$8/1000))+D$19*(($I18/1000)-($D$9/1000))*(($I18/1000)>($D$9/1000))+D$20*(($I18/1000)-($D$10/1000))*(($I18/1000)>($D$10/1000))+D$21*(($I18/1000)-($D$11/1000))*(($I18/1000)>($D$11/1000)) -> 0 | K18: =E$29*($I18/1000)+E$18*(($I18/1000)-($D$8/1000))*(($I18/1000)>($D$8/1000))+E$19*(($I18/1000)-($D$9/1000))*(($I18/1000)>($D$9/1000))+E$20*(($I18/1000)-($D$10/1000))*(($I18/1000)>($D$10/1000))+E$21*(($I18/1000)-($D$11/1000))*(($I18/1000)>($D$11/1000)) -> -0.18768 | L18: =SQRT((J18^2)+(K18^2)) -> 0.18768
B19: 75lb | C19: Force 2 | E19: 75 | G19: =IF($D$4="English","lbf", "N") -> lbf | I19: =IF((ROW(A17)*$F$2)<=$D$5, ROW(A17)*$F$2,NA()) -> 0.68 | J19: =D$29*($I19/1000)+D$18*(($I19/1000)-($D$8/1000))*(($I19/1000)>($D$8/1000))+D$19*(($I19/1000)-($D$9/1000))*(($I19/1000)>($D$9/1000))+D$20*(($I19/1000)-($D$10/1000))*(($I19/1000)>($D$10/1000))+D$21*(($I19/1000)-($D$11/1000))*(($I19/1000)>($D$11/1000)) -> 0 | K19: =E$29*($I19/1000)+E$18*(($I19/1000)-($D$8/1000))*(($I19/1000)>($D$8/1000))+E$19*(($I19/1000)-($D$9/1000))*(($I19/1000)>($D$9/1000))+E$20*(($I19/1000)-($D$10/1000))*(($I19/1000)>($D$10/1000))+E$21*(($I19/1000)-($D$11/1000))*(($I19/1000)>($D$11/1000)) -> -0.19941 | L19: =SQRT((J19^2)+(K19^2)) -> 0.19941
B20: T2 | C20: Force 3 | E20: =-D26/((D15/2)*(0.15-1)) -> -400 | G20: =IF($D$4="English","lbf", "N") -> lbf | I20: =IF((ROW(A18)*$F$2)<=$D$5, ROW(A18)*$F$2,NA()) -> 0.72 | J20: =D$29*($I20/1000)+D$18*(($I20/1000)-($D$8/1000))*(($I20/1000)>($D$8/1000))+D$19*(($I20/1000)-($D$9/1000))*(($I20/1000)>($D$9/1000))+D$20*(($I20/1000)-($D$10/1000))*(($I20/1000)>($D$10/1000))+D$21*(($I20/1000)-($D$11/1000))*(($I20/1000)>($D$11/1000)) -> 0 | K20: =E$29*($I20/1000)+E$18*(($I20/1000)-($D$8/1000))*(($I20/1000)>($D$8/1000))+E$19*(($I20/1000)-($D$9/1000))*(($I20/1000)>($D$9/1000))+E$20*(($I20/1000)-($D$10/1000))*(($I20/1000)>($D$10/1000))+E$21*(($I20/1000)-($D$11/1000))*(($I20/1000)>($D$11/1000)) -> -0.21114 | L20: =SQRT((J20^2)+(K20^2)) -> 0.21114
B21: T1 | C21: Force 4 | E21: =0.15*E20 -> -60 | G21: =IF($D$4="English","lbf", "N") -> lbf | I21: =IF((ROW(A19)*$F$2)<=$D$5, ROW(A19)*$F$2,NA()) -> 0.76 | J21: =D$29*($I21/1000)+D$18*(($I21/1000)-($D$8/1000))*(($I21/1000)>($D$8/1000))+D$19*(($I21/1000)-($D$9/1000))*(($I21/1000)>($D$9/1000))+D$20*(($I21/1000)-($D$10/1000))*(($I21/1000)>($D$10/1000))+D$21*(($I21/1000)-($D$11/1000))*(($I21/1000)>($D$11/1000)) -> 0 | K21: =E$29*($I21/1000)+E$18*(($I21/1000)-($D$8/1000))*(($I21/1000)>($D$8/1000))+E$19*(($I21/1000)-($D$9/1000))*(($I21/1000)>($D$9/1000))+E$20*(($I21/1000)-($D$10/1000))*(($I21/1000)>($D$10/1000))+E$21*(($I21/1000)-($D$11/1000))*(($I21/1000)>($D$11/1000)) -> -0.22287 | L21: =SQRT((J21^2)+(K21^2)) -> 0.22287
I22: =IF((ROW(A20)*$F$2)<=$D$5, ROW(A20)*$F$2,NA()) -> 0.8 | J22: =D$29*($I22/1000)+D$18*(($I22/1000)-($D$8/1000))*(($I22/1000)>($D$8/1000))+D$19*(($I22/1000)-($D$9/1000))*(($I22/1000)>($D$9/1000))+D$20*(($I22/1000)-($D$10/1000))*(($I22/1000)>($D$10/1000))+D$21*(($I22/1000)-($D$11/1000))*(($I22/1000)>($D$11/1000)) -> 0 | K22: =E$29*($I22/1000)+E$18*(($I22/1000)-($D$8/1000))*(($I22/1000)>($D$8/1000))+E$19*(($I22/1000)-($D$9/1000))*(($I22/1000)>($D$9/1000))+E$20*(($I22/1000)-($D$10/1000))*(($I22/1000)>($D$10/1000))+E$21*(($I22/1000)-($D$11/1000))*(($I22/1000)>($D$11/1000)) -> -0.2346 | L22: =SQRT((J22^2)+(K22^2)) -> 0.2346
I23: =IF((ROW(A21)*$F$2)<=$D$5, ROW(A21)*$F$2,NA()) -> 0.84 | J23: =D$29*($I23/1000)+D$18*(($I23/1000)-($D$8/1000))*(($I23/1000)>($D$8/1000))+D$19*(($I23/1000)-($D$9/1000))*(($I23/1000)>($D$9/1000))+D$20*(($I23/1000)-($D$10/1000))*(($I23/1000)>($D$10/1000))+D$21*(($I23/1000)-($D$11/1000))*(($I23/1000)>($D$11/1000)) -> 0 | K23: =E$29*($I23/1000)+E$18*(($I23/1000)-($D$8/1000))*(($I23/1000)>($D$8/1000))+E$19*(($I23/1000)-($D$9/1000))*(($I23/1000)>($D$9/1000))+E$20*(($I23/1000)-($D$10/1000))*(($I23/1000)>($D$10/1000))+E$21*(($I23/1000)-($D$11/1000))*(($I23/1000)>($D$11/1000)) -> -0.24633 | L23: =SQRT((J23^2)+(K23^2)) -> 0.24633
C24: Torques | D24: x-direction | I24: =IF((ROW(A22)*$F$2)<=$D$5, ROW(A22)*$F$2,NA()) -> 0.88 | J24: =D$29*($I24/1000)+D$18*(($I24/1000)-($D$8/1000))*(($I24/1000)>($D$8/1000))+D$19*(($I24/1000)-($D$9/1000))*(($I24/1000)>($D$9/1000))+D$20*(($I24/1000)-($D$10/1000))*(($I24/1000)>($D$10/1000))+D$21*(($I24/1000)-($D$11/1000))*(($I24/1000)>($D$11/1000)) -> 0 | K24: =E$29*($I24/1000)+E$18*(($I24/1000)-($D$8/1000))*(($I24/1000)>($D$8/1000))+E$19*(($I24/1000)-($D$9/1000))*(($I24/1000)>($D$9/1000))+E$20*(($I24/1000)-($D$10/1000))*(($I24/1000)>($D$10/1000))+E$21*(($I24/1000)-($D$11/1000))*(($I24/1000)>($D$11/1000)) -> -0.25806 | L24: =SQRT((J24^2)+(K24^2)) -> 0.25806
C25: Torque 1,2 | D25: =E18*(D14/2)-E19*(D14/2) -> 1700 | E25: =IF($D$4="English","in-lbf", "Nmm") -> in-lbf | I25: =IF((ROW(A23)*$F$2)<=$D$5, ROW(A23)*$F$2,NA()) -> 0.92 | J25: =D$29*($I25/1000)+D$18*(($I25/1000)-($D$8/1000))*(($I25/1000)>($D$8/1000))+D$19*(($I25/1000)-($D$9/1000))*(($I25/1000)>($D$9/1000))+D$20*(($I25/1000)-($D$10/1000))*(($I25/1000)>($D$10/1000))+D$21*(($I25/1000)-($D$11/1000))*(($I25/1000)>($D$11/1000)) -> 0 | K25: =E$29*($I25/1000)+E$18*(($I25/1000)-($D$8/1000))*(($I25/1000)>($D$8/1000))+E$19*(($I25/1000)-($D$9/1000))*(($I25/1000)>($D$9/1000))+E$20*(($I25/1000)-($D$10/1000))*(($I25/1000)>($D$10/1000))+E$21*(($I25/1000)-($D$11/1000))*(($I25/1000)>($D$11/1000)) -> -0.26979 | L25: =SQRT((J25^2)+(K25^2)) -> 0.26979
C26: Torque 3,4 | D26: =-D25 -> -1700 | E26: =IF($D$4="English","in-lbf", "Nmm") -> in-lbf | I26: =IF((ROW(A24)*$F$2)<=$D$5, ROW(A24)*$F$2,NA()) -> 0.96 | J26: =D$29*($I26/1000)+D$18*(($I26/1000)-($D$8/1000))*(($I26/1000)>($D$8/1000))+D$19*(($I26/1000)-($D$9/1000))*(($I26/1000)>($D$9/1000))+D$20*(($I26/1000)-($D$10/1000))*(($I26/1000)>($D$10/1000))+D$21*(($I26/1000)-($D$11/1000))*(($I26/1000)>($D$11/1000)) -> 0 | K26: =E$29*($I26/1000)+E$18*(($I26/1000)-($D$8/1000))*(($I26/1000)>($D$8/1000))+E$19*(($I26/1000)-($D$9/1000))*(($I26/1000)>($D$9/1000))+E$20*(($I26/1000)-($D$10/1000))*(($I26/1000)>($D$10/1000))+E$21*(($I26/1000)-($D$11/1000))*(($I26/1000)>($D$11/1000)) -> -0.28152 | L26: =SQRT((J26^2)+(K26^2)) -> 0.28152
I27: =IF((ROW(A25)*$F$2)<=$D$5, ROW(A25)*$F$2,NA()) -> 1 | J27: =D$29*($I27/1000)+D$18*(($I27/1000)-($D$8/1000))*(($I27/1000)>($D$8/1000))+D$19*(($I27/1000)-($D$9/1000))*(($I27/1000)>($D$9/1000))+D$20*(($I27/1000)-($D$10/1000))*(($I27/1000)>($D$10/1000))+D$21*(($I27/1000)-($D$11/1000))*(($I27/1000)>($D$11/1000)) -> 0 | K27: =E$29*($I27/1000)+E$18*(($I27/1000)-($D$8/1000))*(($I27/1000)>($D$8/1000))+E$19*(($I27/1000)-($D$9/1000))*(($I27/1000)>($D$9/1000))+E$20*(($I27/1000)-($D$10/1000))*(($I27/1000)>($D$10/1000))+E$21*(($I27/1000)-($D$11/1000))*(($I27/1000)>($D$11/1000)) -> -0.29325 | L27: =SQRT((J27^2)+(K27^2)) -> 0.29325
C28: Reactions | D28: y-direction | E28: z-direction | G28: Net radial load | I28: =IF((ROW(A26)*$F$2)<=$D$5, ROW(A26)*$F$2,NA()) -> 1.04 | J28: =D$29*($I28/1000)+D$18*(($I28/1000)-($D$8/1000))*(($I28/1000)>($D$8/1000))+D$19*(($I28/1000)-($D$9/1000))*(($I28/1000)>($D$9/1000))+D$20*(($I28/1000)-($D$10/1000))*(($I28/1000)>($D$10/1000))+D$21*(($I28/1000)-($D$11/1000))*(($I28/1000)>($D$11/1000)) -> 0 | K28: =E$29*($I28/1000)+E$18*(($I28/1000)-($D$8/1000))*(($I28/1000)>($D$8/1000))+E$19*(($I28/1000)-($D$9/1000))*(($I28/1000)>($D$9/1000))+E$20*(($I28/1000)-($D$10/1000))*(($I28/1000)>($D$10/1000))+E$21*(($I28/1000)-($D$11/1000))*(($I28/1000)>($D$11/1000)) -> -0.30498 | L28: =SQRT((J28^2)+(K28^2)) -> 0.30498
B29: O | C29: Reaction at left bearing | D29: =-(D18+D19+D20+D21+D30) -> 0 | E29: =-(E18+E19+E20+E21+E30) -> -293.25 | F29: =IF($D$4="English","lbf", "N") -> lbf | G29: {=SQRT(SUM(D29:E29^2))} -> 293.25 | H29: =IF($D$4="English","lbf", "N") -> lbf | I29: =IF((ROW(A27)*$F$2)<=$D$5, ROW(A27)*$F$2,NA()) -> 1.08 | J29: =D$29*($I29/1000)+D$18*(($I29/1000)-($D$8/1000))*(($I29/1000)>($D$8/1000))+D$19*(($I29/1000)-($D$9/1000))*(($I29/1000)>($D$9/1000))+D$20*(($I29/1000)-($D$10/1000))*(($I29/1000)>($D$10/1000))+D$21*(($I29/1000)-($D$11/1000))*(($I29/1000)>($D$11/1000)) -> 0 | K29: =E$29*($I29/1000)+E$18*(($I29/1000)-($D$8/1000))*(($I29/1000)>($D$8/1000))+E$19*(($I29/1000)-($D$9/1000))*(($I29/1000)>($D$9/1000))+E$20*(($I29/1000)-($D$10/1000))*(($I29/1000)>($D$10/1000))+E$21*(($I29/1000)-($D$11/1000))*(($I29/1000)>($D$11/1000)) -> -0.31671 | L29: =SQRT((J29^2)+(K29^2)) -> 0.31671
B30: C | C30: Reaction at right bearing | D30: =(D18*($D8)+D19*($D9)+D20*($D10)+D21*($D11))/-$D5 -> 0 | E30: =(E18*($D8)+E19*($D9)+E20*($D10)+E21*($D11))/-$D5 -> 178.25 | F30: =IF($D$4="English","lbf", "N") -> lbf | G30: {=SQRT(SUM(D30:E30^2))} -> 178.25 | H30: =IF($D$4="English","lbf", "N") -> lbf | I30: =IF((ROW(A28)*$F$2)<=$D$5, ROW(A28)*$F$2,NA()) -> 1.12 | J30: =D$29*($I30/1000)+D$18*(($I30/1000)-($D$8/1000))*(($I30/1000)>($D$8/1000))+D$19*(($I30/1000)-($D$9/1000))*(($I30/1000)>($D$9/1000))+D$20*(($I30/1000)-($D$10/1000))*(($I30/1000)>($D$10/1000))+D$21*(($I30/1000)-($D$11/1000))*(($I30/1000)>($D$11/1000)) -> 0 | K30: =E$29*($I30/1000)+E$18*(($I30/1000)-($D$8/1000))*(($I30/1000)>($D$8/1000))+E$19*(($I30/1000)-($D$9/1000))*(($I30/1000)>($D$9/1000))+E$20*(($I30/1000)-($D$10/1000))*(($I30/1000)>($D$10/1000))+E$21*(($I30/1000)-($D$11/1000))*(($I30/1000)>($D$11/1000)) -> -0.32844 | L30: =SQRT((J30^2)+(K30^2)) -> 0.32844
I31: =IF((ROW(A29)*$F$2)<=$D$5, ROW(A29)*$F$2,NA()) -> 1.16 | J31: =D$29*($I31/1000)+D$18*(($I31/1000)-($D$8/1000))*(($I31/1000)>($D$8/1000))+D$19*(($I31/1000)-($D$9/1000))*(($I31/1000)>($D$9/1000))+D$20*(($I31/1000)-($D$10/1000))*(($I31/1000)>($D$10/1000))+D$21*(($I31/1000)-($D$11/1000))*(($I31/1000)>($D$11/1000)) -> 0 | K31: =E$29*($I31/1000)+E$18*(($I31/1000)-($D$8/1000))*(($I31/1000)>($D$8/1000))+E$19*(($I31/1000)-($D$9/1000))*(($I31/1000)>($D$9/1000))+E$20*(($I31/1000)-($D$10/1000))*(($I31/1000)>($D$10/1000))+E$21*(($I31/1000)-($D$11/1000))*(($I31/1000)>($D$11/1000)) -> -0.34017 | L31: =SQRT((J31^2)+(K31^2)) -> 0.34017
C32: helical gear at an angle of ψ degrees | I32: =IF((ROW(A30)*$F$2)<=$D$5, ROW(A30)*$F$2,NA()) -> 1.2 | J32: =D$29*($I32/1000)+D$18*(($I32/1000)-($D$8/1000))*(($I32/1000)>($D$8/1000))+D$19*(($I32/1000)-($D$9/1000))*(($I32/1000)>($D$9/1000))+D$20*(($I32/1000)-($D$10/1000))*(($I32/1000)>($D$10/1000))+D$21*(($I32/1000)-($D$11/1000))*(($I32/1000)>($D$11/1000)) -> 0 | K32: =E$29*($I32/1000)+E$18*(($I32/1000)-($D$8/1000))*(($I32/1000)>($D$8/1000))+E$19*(($I32/1000)-($D$9/1000))*(($I32/1000)>($D$9/1000))+E$20*(($I32/1000)-($D$10/1000))*(($I32/1000)>($D$10/1000))+E$21*(($I32/1000)-($D$11/1000))*(($I32/1000)>($D$11/1000)) -> -0.3519 | L32: =SQRT((J32^2)+(K32^2)) -> 0.3519
C33: ψ | D33: 30 | E33: degrees | I33: =IF((ROW(A31)*$F$2)<=$D$5, ROW(A31)*$F$2,NA()) -> 1.24 | J33: =D$29*($I33/1000)+D$18*(($I33/1000)-($D$8/1000))*(($I33/1000)>($D$8/1000))+D$19*(($I33/1000)-($D$9/1000))*(($I33/1000)>($D$9/1000))+D$20*(($I33/1000)-($D$10/1000))*(($I33/1000)>($D$10/1000))+D$21*(($I33/1000)-($D$11/1000))*(($I33/1000)>($D$11/1000)) -> 0 | K33: =E$29*($I33/1000)+E$18*(($I33/1000)-($D$8/1000))*(($I33/1000)>($D$8/1000))+E$19*(($I33/1000)-($D$9/1000))*(($I33/1000)>($D$9/1000))+E$20*(($I33/1000)-($D$10/1000))*(($I33/1000)>($D$10/1000))+E$21*(($I33/1000)-($D$11/1000))*(($I33/1000)>($D$11/1000)) -> -0.36363 | L33: =SQRT((J33^2)+(K33^2)) -> 0.36363
C34: Fa | D34: =E18*TAN(RADIANS($D$33)) -> 288.67513 | E34: =IF($D$4="English","lbf", "N") -> lbf | I34: =IF((ROW(A32)*$F$2)<=$D$5, ROW(A32)*$F$2,NA()) -> 1.28 | J34: =D$29*($I34/1000)+D$18*(($I34/1000)-($D$8/1000))*(($I34/1000)>($D$8/1000))+D$19*(($I34/1000)-($D$9/1000))*(($I34/1000)>($D$9/1000))+D$20*(($I34/1000)-($D$10/1000))*(($I34/1000)>($D$10/1000))+D$21*(($I34/1000)-($D$11/1000))*(($I34/1000)>($D$11/1000)) -> 0 | K34: =E$29*($I34/1000)+E$18*(($I34/1000)-($D$8/1000))*(($I34/1000)>($D$8/1000))+E$19*(($I34/1000)-($D$9/1000))*(($I34/1000)>($D$9/1000))+E$20*(($I34/1000)-($D$10/1000))*(($I34/1000)>($D$10/1000))+E$21*(($I34/1000)-($D$11/1000))*(($I34/1000)>($D$11/1000)) -> -0.37536 | L34: =SQRT((J34^2)+(K34^2)) -> 0.37536
C35: Fa | D35: =E19*TAN(RADIANS($D$33)) -> 43.30127 | E35: =IF($D$4="English","lbf", "N") -> lbf | I35: =IF((ROW(A33)*$F$2)<=$D$5, ROW(A33)*$F$2,NA()) -> 1.32 | J35: =D$29*($I35/1000)+D$18*(($I35/1000)-($D$8/1000))*(($I35/1000)>($D$8/1000))+D$19*(($I35/1000)-($D$9/1000))*(($I35/1000)>($D$9/1000))+D$20*(($I35/1000)-($D$10/1000))*(($I35/1000)>($D$10/1000))+D$21*(($I35/1000)-($D$11/1000))*(($I35/1000)>($D$11/1000)) -> 0 | K35: =E$29*($I35/1000)+E$18*(($I35/1000)-($D$8/1000))*(($I35/1000)>($D$8/1000))+E$19*(($I35/1000)-($D$9/1000))*(($I35/1000)>($D$9/1000))+E$20*(($I35/1000)-($D$10/1000))*(($I35/1000)>($D$10/1000))+E$21*(($I35/1000)-($D$11/1000))*(($I35/1000)>($D$11/1000)) -> -0.38709 | L35: =SQRT((J35^2)+(K35^2)) -> 0.38709
C36: Net axial Load | D36: =-D34+D35 -> -245.37386 | E36: =IF($D$4="English","lbf", "N") -> lbf | I36: =IF((ROW(A34)*$F$2)<=$D$5, ROW(A34)*$F$2,NA()) -> 1.36 | J36: =D$29*($I36/1000)+D$18*(($I36/1000)-($D$8/1000))*(($I36/1000)>($D$8/1000))+D$19*(($I36/1000)-($D$9/1000))*(($I36/1000)>($D$9/1000))+D$20*(($I36/1000)-($D$10/1000))*(($I36/1000)>($D$10/1000))+D$21*(($I36/1000)-($D$11/1000))*(($I36/1000)>($D$11/1000)) -> 0 | K36: =E$29*($I36/1000)+E$18*(($I36/1000)-($D$8/1000))*(($I36/1000)>($D$8/1000))+E$19*(($I36/1000)-($D$9/1000))*(($I36/1000)>($D$9/1000))+E$20*(($I36/1000)-($D$10/1000))*(($I36/1000)>($D$10/1000))+E$21*(($I36/1000)-($D$11/1000))*(($I36/1000)>($D$11/1000)) -> -0.39882 | L36: =SQRT((J36^2)+(K36^2)) -> 0.39882
I37: =IF((ROW(A35)*$F$2)<=$D$5, ROW(A35)*$F$2,NA()) -> 1.4 | J37: =D$29*($I37/1000)+D$18*(($I37/1000)-($D$8/1000))*(($I37/1000)>($D$8/1000))+D$19*(($I37/1000)-($D$9/1000))*(($I37/1000)>($D$9/1000))+D$20*(($I37/1000)-($D$10/1000))*(($I37/1000)>($D$10/1000))+D$21*(($I37/1000)-($D$11/1000))*(($I37/1000)>($D$11/1000)) -> 0 | K37: =E$29*($I37/1000)+E$18*(($I37/1000)-($D$8/1000))*(($I37/1000)>($D$8/1000))+E$19*(($I37/1000)-($D$9/1000))*(($I37/1000)>($D$9/1000))+E$20*(($I37/1000)-($D$10/1000))*(($I37/1000)>($D$10/1000))+E$21*(($I37/1000)-($D$11/1000))*(($I37/1000)>($D$11/1000)) -> -0.41055 | L37: =SQRT((J37^2)+(K37^2)) -> 0.41055
C38: Max moment | D38: =_xlfn.AGGREGATE(4, 6, L:L) -> 2.9325 | E38: =IF($D$4="English","*10^3 in-lbf", "*10^3 Nmm") -> *10^3 in-lbf | I38: =IF((ROW(A36)*$F$2)<=$D$5, ROW(A36)*$F$2,NA()) -> 1.44 | J38: =D$29*($I38/1000)+D$18*(($I38/1000)-($D$8/1000))*(($I38/1000)>($D$8/1000))+D$19*(($I38/1000)-($D$9/1000))*(($I38/1000)>($D$9/1000))+D$20*(($I38/1000)-($D$10/1000))*(($I38/1000)>($D$10/1000))+D$21*(($I38/1000)-($D$11/1000))*(($I38/1000)>($D$11/1000)) -> 0 | K38: =E$29*($I38/1000)+E$18*(($I38/1000)-($D$8/1000))*(($I38/1000)>($D$8/1000))+E$19*(($I38/1000)-($D$9/1000))*(($I38/1000)>($D$9/1000))+E$20*(($I38/1000)-($D$10/1000))*(($I38/1000)>($D$10/1000))+E$21*(($I38/1000)-($D$11/1000))*(($I38/1000)>($D$11/1000)) -> -0.42228 | L38: =SQRT((J38^2)+(K38^2)) -> 0.42228
C39: location | D39: =INDEX(I:I,MATCH(D38,L:L,0)) -> 10 | E39: =IF($D$4="English","in", "mm") -> in | I39: =IF((ROW(A37)*$F$2)<=$D$5, ROW(A37)*$F$2,NA()) -> 1.48 | J39: =D$29*($I39/1000)+D$18*(($I39/1000)-($D$8/1000))*(($I39/1000)>($D$8/1000))+D$19*(($I39/1000)-($D$9/1000))*(($I39/1000)>($D$9/1000))+D$20*(($I39/1000)-($D$10/1000))*(($I39/1000)>($D$10/1000))+D$21*(($I39/1000)-($D$11/1000))*(($I39/1000)>($D$11/1000)) -> 0 | K39: =E$29*($I39/1000)+E$18*(($I39/1000)-($D$8/1000))*(($I39/1000)>($D$8/1000))+E$19*(($I39/1000)-($D$9/1000))*(($I39/1000)>($D$9/1000))+E$20*(($I39/1000)-($D$10/1000))*(($I39/1000)>($D$10/1000))+E$21*(($I39/1000)-($D$11/1000))*(($I39/1000)>($D$11/1000)) -> -0.43401 | L39: =SQRT((J39^2)+(K39^2)) -> 0.43401
I40: =IF((ROW(A38)*$F$2)<=$D$5, ROW(A38)*$F$2,NA()) -> 1.52 | J40: =D$29*($I40/1000)+D$18*(($I40/1000)-($D$8/1000))*(($I40/1000)>($D$8/1000))+D$19*(($I40/1000)-($D$9/1000))*(($I40/1000)>($D$9/1000))+D$20*(($I40/1000)-($D$10/1000))*(($I40/1000)>($D$10/1000))+D$21*(($I40/1000)-($D$11/1000))*(($I40/1000)>($D$11/1000)) -> 0 | K40: =E$29*($I40/1000)+E$18*(($I40/1000)-($D$8/1000))*(($I40/1000)>($D$8/1000))+E$19*(($I40/1000)-($D$9/1000))*(($I40/1000)>($D$9/1000))+E$20*(($I40/1000)-($D$10/1000))*(($I40/1000)>($D$10/1000))+E$21*(($I40/1000)-($D$11/1000))*(($I40/1000)>($D$11/1000)) -> -0.44574 | L40: =SQRT((J40^2)+(K40^2)) -> 0.44574
C41: OA shoulder location | D41: 10 | E41: =IF($D$4="English","in", "mm") -> in | I41: =IF((ROW(A39)*$F$2)<=$D$5, ROW(A39)*$F$2,NA()) -> 1.56 | J41: =D$29*($I41/1000)+D$18*(($I41/1000)-($D$8/1000))*(($I41/1000)>($D$8/1000))+D$19*(($I41/1000)-($D$9/1000))*(($I41/1000)>($D$9/1000))+D$20*(($I41/1000)-($D$10/1000))*(($I41/1000)>($D$10/1000))+D$21*(($I41/1000)-($D$11/1000))*(($I41/1000)>($D$11/1000)) -> 0 | K41: =E$29*($I41/1000)+E$18*(($I41/1000)-($D$8/1000))*(($I41/1000)>($D$8/1000))+E$19*(($I41/1000)-($D$9/1000))*(($I41/1000)>($D$9/1000))+E$20*(($I41/1000)-($D$10/1000))*(($I41/1000)>($D$10/1000))+E$21*(($I41/1000)-($D$11/1000))*(($I41/1000)>($D$11/1000)) -> -0.45747 | L41: =SQRT((J41^2)+(K41^2)) -> 0.45747
C42: Moment at location | D42: =INDEX(L:L,MATCH(D41,I:I,0)) -> 2.9325 | E42: =IF($D$4="English","*10^3 in-lbf", "*10^3 Nmm") -> *10^3 in-lbf | I42: =IF((ROW(A40)*$F$2)<=$D$5, ROW(A40)*$F$2,NA()) -> 1.6 | J42: =D$29*($I42/1000)+D$18*(($I42/1000)-($D$8/1000))*(($I42/1000)>($D$8/1000))+D$19*(($I42/1000)-($D$9/1000))*(($I42/1000)>($D$9/1000))+D$20*(($I42/1000)-($D$10/1000))*(($I42/1000)>($D$10/1000))+D$21*(($I42/1000)-($D$11/1000))*(($I42/1000)>($D$11/1000)) -> 0 | K42: =E$29*($I42/1000)+E$18*(($I42/1000)-($D$8/1000))*(($I42/1000)>($D$8/1000))+E$19*(($I42/1000)-($D$9/1000))*(($I42/1000)>($D$9/1000))+E$20*(($I42/1000)-($D$10/1000))*(($I42/1000)>($D$10/1000))+E$21*(($I42/1000)-($D$11/1000))*(($I42/1000)>($D$11/1000)) -> -0.4692 | L42: =SQRT((J42^2)+(K42^2)) -> 0.4692
I43: =IF((ROW(A41)*$F$2)<=$D$5, ROW(A41)*$F$2,NA()) -> 1.64 | J43: =D$29*($I43/1000)+D$18*(($I43/1000)-($D$8/1000))*(($I43/1000)>($D$8/1000))+D$19*(($I43/1000)-($D$9/1000))*(($I43/1000)>($D$9/1000))+D$20*(($I43/1000)-($D$10/1000))*(($I43/1000)>($D$10/1000))+D$21*(($I43/1000)-($D$11/1000))*(($I43/1000)>($D$11/1000)) -> 0 | K43: =E$29*($I43/1000)+E$18*(($I43/1000)-($D$8/1000))*(($I43/1000)>($D$8/1000))+E$19*(($I43/1000)-($D$9/1000))*(($I43/1000)>($D$9/1000))+E$20*(($I43/1000)-($D$10/1000))*(($I43/1000)>($D$10/1000))+E$21*(($I43/1000)-($D$11/1000))*(($I43/1000)>($D$11/1000)) -> -0.48093 | L43: =SQRT((J43^2)+(K43^2)) -> 0.48093
C44: CB shoulder location | D44: 28 | E44: =IF($D$4="English","in", "mm") -> in | I44: =IF((ROW(A42)*$F$2)<=$D$5, ROW(A42)*$F$2,NA()) -> 1.68 | J44: =D$29*($I44/1000)+D$18*(($I44/1000)-($D$8/1000))*(($I44/1000)>($D$8/1000))+D$19*(($I44/1000)-($D$9/1000))*(($I44/1000)>($D$9/1000))+D$20*(($I44/1000)-($D$10/1000))*(($I44/1000)>($D$10/1000))+D$21*(($I44/1000)-($D$11/1000))*(($I44/1000)>($D$11/1000)) -> 0 | K44: =E$29*($I44/1000)+E$18*(($I44/1000)-($D$8/1000))*(($I44/1000)>($D$8/1000))+E$19*(($I44/1000)-($D$9/1000))*(($I44/1000)>($D$9/1000))+E$20*(($I44/1000)-($D$10/1000))*(($I44/1000)>($D$10/1000))+E$21*(($I44/1000)-($D$11/1000))*(($I44/1000)>($D$11/1000)) -> -0.49266 | L44: =SQRT((J44^2)+(K44^2)) -> 0.49266
C45: Moment at location | D45: =INDEX(L:L,MATCH(D44,I:I,0)) -> 2.139 | E45: =IF($D$4="English","*10^3 in-lbf", "*10^3 Nmm") -> *10^3 in-lbf | I45: =IF((ROW(A43)*$F$2)<=$D$5, ROW(A43)*$F$2,NA()) -> 1.72 | J45: =D$29*($I45/1000)+D$18*(($I45/1000)-($D$8/1000))*(($I45/1000)>($D$8/1000))+D$19*(($I45/1000)-($D$9/1000))*(($I45/1000)>($D$9/1000))+D$20*(($I45/1000)-($D$10/1000))*(($I45/1000)>($D$10/1000))+D$21*(($I45/1000)-($D$11/1000))*(($I45/1000)>($D$11/1000)) -> 0 | K45: =E$29*($I45/1000)+E$18*(($I45/1000)-($D$8/1000))*(($I45/1000)>($D$8/1000))+E$19*(($I45/1000)-($D$9/1000))*(($I45/1000)>($D$9/1000))+E$20*(($I45/1000)-($D$10/1000))*(($I45/1000)>($D$10/1000))+E$21*(($I45/1000)-($D$11/1000))*(($I45/1000)>($D$11/1000)) -> -0.50439 | L45: =SQRT((J45^2)+(K45^2)) -> 0.50439
I46: =IF((ROW(A44)*$F$2)<=$D$5, ROW(A44)*$F$2,NA()) -> 1.76 | J46: =D$29*($I46/1000)+D$18*(($I46/1000)-($D$8/1000))*(($I46/1000)>($D$8/1000))+D$19*(($I46/1000)-($D$9/1000))*(($I46/1000)>($D$9/1000))+D$20*(($I46/1000)-($D$10/1000))*(($I46/1000)>($D$10/1000))+D$21*(($I46/1000)-($D$11/1000))*(($I46/1000)>($D$11/1000)) -> 0 | K46: =E$29*($I46/1000)+E$18*(($I46/1000)-($D$8/1000))*(($I46/1000)>($D$8/1000))+E$19*(($I46/1000)-($D$9/1000))*(($I46/1000)>($D$9/1000))+E$20*(($I46/1000)-($D$10/1000))*(($I46/1000)>($D$10/1000))+E$21*(($I46/1000)-($D$11/1000))*(($I46/1000)>($D$11/1000)) -> -0.51612 | L46: =SQRT((J46^2)+(K46^2)) -> 0.51612
I47: =IF((ROW(A45)*$F$2)<=$D$5, ROW(A45)*$F$2,NA()) -> 1.8 | J47: =D$29*($I47/1000)+D$18*(($I47/1000)-($D$8/1000))*(($I47/1000)>($D$8/1000))+D$19*(($I47/1000)-($D$9/1000))*(($I47/1000)>($D$9/1000))+D$20*(($I47/1000)-($D$10/1000))*(($I47/1000)>($D$10/1000))+D$21*(($I47/1000)-($D$11/1000))*(($I47/1000)>($D$11/1000)) -> 0 | K47: =E$29*($I47/1000)+E$18*(($I47/1000)-($D$8/1000))*(($I47/1000)>($D$8/1000))+E$19*(($I47/1000)-($D$9/1000))*(($I47/1000)>($D$9/1000))+E$20*(($I47/1000)-($D$10/1000))*(($I47/1000)>($D$10/1000))+E$21*(($I47/1000)-($D$11/1000))*(($I47/1000)>($D$11/1000)) -> -0.52785 | L47: =SQRT((J47^2)+(K47^2)) -> 0.52785
I48: =IF((ROW(A46)*$F$2)<=$D$5, ROW(A46)*$F$2,NA()) -> 1.84 | J48: =D$29*($I48/1000)+D$18*(($I48/1000)-($D$8/1000))*(($I48/1000)>($D$8/1000))+D$19*(($I48/1000)-($D$9/1000))*(($I48/1000)>($D$9/1000))+D$20*(($I48/1000)-($D$10/1000))*(($I48/1000)>($D$10/1000))+D$21*(($I48/1000)-($D$11/1000))*(($I48/1000)>($D$11/1000)) -> 0 | K48: =E$29*($I48/1000)+E$18*(($I48/1000)-($D$8/1000))*(($I48/1000)>($D$8/1000))+E$19*(($I48/1000)-($D$9/1000))*(($I48/1000)>($D$9/1000))+E$20*(($I48/1000)-($D$10/1000))*(($I48/1000)>($D$10/1000))+E$21*(($I48/1000)-($D$11/1000))*(($I48/1000)>($D$11/1000)) -> -0.53958 | L48: =SQRT((J48^2)+(K48^2)) -> 0.53958
I49: =IF((ROW(A47)*$F$2)<=$D$5, ROW(A47)*$F$2,NA()) -> 1.88 | J49: =D$29*($I49/1000)+D$18*(($I49/1000)-($D$8/1000))*(($I49/1000)>($D$8/1000))+D$19*(($I49/1000)-($D$9/1000))*(($I49/1000)>($D$9/1000))+D$20*(($I49/1000)-($D$10/1000))*(($I49/1000)>($D$10/1000))+D$21*(($I49/1000)-($D$11/1000))*(($I49/1000)>($D$11/1000)) -> 0 | K49: =E$29*($I49/1000)+E$18*(($I49/1000)-($D$8/1000))*(($I49/1000)>($D$8/1000))+E$19*(($I49/1000)-($D$9/1000))*(($I49/1000)>($D$9/1000))+E$20*(($I49/1000)-($D$10/1000))*(($I49/1000)>($D$10/1000))+E$21*(($I49/1000)-($D$11/1000))*(($I49/1000)>($D$11/1000)) -> -0.55131 | L49: =SQRT((J49^2)+(K49^2)) -> 0.55131
I50: =IF((ROW(A48)*$F$2)<=$D$5, ROW(A48)*$F$2,NA()) -> 1.92 | J50: =D$29*($I50/1000)+D$18*(($I50/1000)-($D$8/1000))*(($I50/1000)>($D$8/1000))+D$19*(($I50/1000)-($D$9/1000))*(($I50/1000)>($D$9/1000))+D$20*(($I50/1000)-($D$10/1000))*(($I50/1000)>($D$10/1000))+D$21*(($I50/1000)-($D$11/1000))*(($I50/1000)>($D$11/1000)) -> 0 | K50: =E$29*($I50/1000)+E$18*(($I50/1000)-($D$8/1000))*(($I50/1000)>($D$8/1000))+E$19*(($I50/1000)-($D$9/1000))*(($I50/1000)>($D$9/1000))+E$20*(($I50/1000)-($D$10/1000))*(($I50/1000)>($D$10/1000))+E$21*(($I50/1000)-($D$11/1000))*(($I50/1000)>($D$11/1000)) -> -0.56304 | L50: =SQRT((J50^2)+(K50^2)) -> 0.56304
I51: =IF((ROW(A49)*$F$2)<=$D$5, ROW(A49)*$F$2,NA()) -> 1.96 | J51: =D$29*($I51/1000)+D$18*(($I51/1000)-($D$8/1000))*(($I51/1000)>($D$8/1000))+D$19*(($I51/1000)-($D$9/1000))*(($I51/1000)>($D$9/1000))+D$20*(($I51/1000)-($D$10/1000))*(($I51/1000)>($D$10/1000))+D$21*(($I51/1000)-($D$11/1000))*(($I51/1000)>($D$11/1000)) -> 0 | K51: =E$29*($I51/1000)+E$18*(($I51/1000)-($D$8/1000))*(($I51/1000)>($D$8/1000))+E$19*(($I51/1000)-($D$9/1000))*(($I51/1000)>($D$9/1000))+E$20*(($I51/1000)-($D$10/1000))*(($I51/1000)>($D$10/1000))+E$21*(($I51/1000)-($D$11/1000))*(($I51/1000)>($D$11/1000)) -> -0.57477 | L51: =SQRT((J51^2)+(K51^2)) -> 0.57477
I52: =IF((ROW(A50)*$F$2)<=$D$5, ROW(A50)*$F$2,NA()) -> 2 | J52: =D$29*($I52/1000)+D$18*(($I52/1000)-($D$8/1000))*(($I52/1000)>($D$8/1000))+D$19*(($I52/1000)-($D$9/1000))*(($I52/1000)>($D$9/1000))+D$20*(($I52/1000)-($D$10/1000))*(($I52/1000)>($D$10/1000))+D$21*(($I52/1000)-($D$11/1000))*(($I52/1000)>($D$11/1000)) -> 0 | K52: =E$29*($I52/1000)+E$18*(($I52/1000)-($D$8/1000))*(($I52/1000)>($D$8/1000))+E$19*(($I52/1000)-($D$9/1000))*(($I52/1000)>($D$9/1000))+E$20*(($I52/1000)-($D$10/1000))*(($I52/1000)>($D$10/1000))+E$21*(($I52/1000)-($D$11/1000))*(($I52/1000)>($D$11/1000)) -> -0.5865 | L52: =SQRT((J52^2)+(K52^2)) -> 0.5865
I53: =IF((ROW(A51)*$F$2)<=$D$5, ROW(A51)*$F$2,NA()) -> 2.04 | J53: =D$29*($I53/1000)+D$18*(($I53/1000)-($D$8/1000))*(($I53/1000)>($D$8/1000))+D$19*(($I53/1000)-($D$9/1000))*(($I53/1000)>($D$9/1000))+D$20*(($I53/1000)-($D$10/1000))*(($I53/1000)>($D$10/1000))+D$21*(($I53/1000)-($D$11/1000))*(($I53/1000)>($D$11/1000)) -> 0 | K53: =E$29*($I53/1000)+E$18*(($I53/1000)-($D$8/1000))*(($I53/1000)>($D$8/1000))+E$19*(($I53/1000)-($D$9/1000))*(($I53/1000)>($D$9/1000))+E$20*(($I53/1000)-($D$10/1000))*(($I53/1000)>($D$10/1000))+E$21*(($I53/1000)-($D$11/1000))*(($I53/1000)>($D$11/1000)) -> -0.59823 | L53: =SQRT((J53^2)+(K53^2)) -> 0.59823
I54: =IF((ROW(A52)*$F$2)<=$D$5, ROW(A52)*$F$2,NA()) -> 2.08 | J54: =D$29*($I54/1000)+D$18*(($I54/1000)-($D$8/1000))*(($I54/1000)>($D$8/1000))+D$19*(($I54/1000)-($D$9/1000))*(($I54/1000)>($D$9/1000))+D$20*(($I54/1000)-($D$10/1000))*(($I54/1000)>($D$10/1000))+D$21*(($I54/1000)-($D$11/1000))*(($I54/1000)>($D$11/1000)) -> 0 | K54: =E$29*($I54/1000)+E$18*(($I54/1000)-($D$8/1000))*(($I54/1000)>($D$8/1000))+E$19*(($I54/1000)-($D$9/1000))*(($I54/1000)>($D$9/1000))+E$20*(($I54/1000)-($D$10/1000))*(($I54/1000)>($D$10/1000))+E$21*(($I54/1000)-($D$11/1000))*(($I54/1000)>($D$11/1000)) -> -0.60996 | L54: =SQRT((J54^2)+(K54^2)) -> 0.60996
I55: =IF((ROW(A53)*$F$2)<=$D$5, ROW(A53)*$F$2,NA()) -> 2.12 | J55: =D$29*($I55/1000)+D$18*(($I55/1000)-($D$8/1000))*(($I55/1000)>($D$8/1000))+D$19*(($I55/1000)-($D$9/1000))*(($I55/1000)>($D$9/1000))+D$20*(($I55/1000)-($D$10/1000))*(($I55/1000)>($D$10/1000))+D$21*(($I55/1000)-($D$11/1000))*(($I55/1000)>($D$11/1000)) -> 0 | K55: =E$29*($I55/1000)+E$18*(($I55/1000)-($D$8/1000))*(($I55/1000)>($D$8/1000))+E$19*(($I55/1000)-($D$9/1000))*(($I55/1000)>($D$9/1000))+E$20*(($I55/1000)-($D$10/1000))*(($I55/1000)>($D$10/1000))+E$21*(($I55/1000)-($D$11/1000))*(($I55/1000)>($D$11/1000)) -> -0.62169 | L55: =SQRT((J55^2)+(K55^2)) -> 0.62169
I56: =IF((ROW(A54)*$F$2)<=$D$5, ROW(A54)*$F$2,NA()) -> 2.16 | J56: =D$29*($I56/1000)+D$18*(($I56/1000)-($D$8/1000))*(($I56/1000)>($D$8/1000))+D$19*(($I56/1000)-($D$9/1000))*(($I56/1000)>($D$9/1000))+D$20*(($I56/1000)-($D$10/1000))*(($I56/1000)>($D$10/1000))+D$21*(($I56/1000)-($D$11/1000))*(($I56/1000)>($D$11/1000)) -> 0 | K56: =E$29*($I56/1000)+E$18*(($I56/1000)-($D$8/1000))*(($I56/1000)>($D$8/1000))+E$19*(($I56/1000)-($D$9/1000))*(($I56/1000)>($D$9/1000))+E$20*(($I56/1000)-($D$10/1000))*(($I56/1000)>($D$10/1000))+E$21*(($I56/1000)-($D$11/1000))*(($I56/1000)>($D$11/1000)) -> -0.63342 | L56: =SQRT((J56^2)+(K56^2)) -> 0.63342
I57: =IF((ROW(A55)*$F$2)<=$D$5, ROW(A55)*$F$2,NA()) -> 2.2 | J57: =D$29*($I57/1000)+D$18*(($I57/1000)-($D$8/1000))*(($I57/1000)>($D$8/1000))+D$19*(($I57/1000)-($D$9/1000))*(($I57/1000)>($D$9/1000))+D$20*(($I57/1000)-($D$10/1000))*(($I57/1000)>($D$10/1000))+D$21*(($I57/1000)-($D$11/1000))*(($I57/1000)>($D$11/1000)) -> 0 | K57: =E$29*($I57/1000)+E$18*(($I57/1000)-($D$8/1000))*(($I57/1000)>($D$8/1000))+E$19*(($I57/1000)-($D$9/1000))*(($I57/1000)>($D$9/1000))+E$20*(($I57/1000)-($D$10/1000))*(($I57/1000)>($D$10/1000))+E$21*(($I57/1000)-($D$11/1000))*(($I57/1000)>($D$11/1000)) -> -0.64515 | L57: =SQRT((J57^2)+(K57^2)) -> 0.64515
... I86: =IF((ROW(A84)*$F$2)<=$D$5, ROW(A84)*$F$2,NA()) -> 3.36 | J86: =D$29*($I86/1000)+D$18*(($I86/1000)-($D$8/1000))*(($I86/1000)>($D$8/1000))+D$19*(($I86/1000)-($D$9/1000))*(($I86/1000)>($D$9/1000))+D$20*(($I86/1000)-($D$10/1000))*(($I86/1000)>($D$10/1000))+D$21*(($I86/1000)-($D$11/1000))*(($I86/1000)>($D$11/1000)) -> 0 | K86: =E$29*($I86/1000)+E$18*(($I86/1000)-($D$8/1000))*(($I86/1000)>($D$8/1000))+E$19*(($I86/1000)-($D$9/1000))*(($I86/1000)>($D$9/1000))+E$20*(($I86/1000)-($D$10/1000))*(($I86/1000)>($D$10/1000))+E$21*(($I86/1000)-($D$11/1000))*(($I86/1000)>($D$11/1000)) -> -0.98532 | L86: =SQRT((J86^2)+(K86^2)) -> 0.98532
G87: - | I87: =IF((ROW(A85)*$F$2)<=$D$5, ROW(A85)*$F$2,NA()) -> 3.4 | J87: =D$29*($I87/1000)+D$18*(($I87/1000)-($D$8/1000))*(($I87/1000)>($D$8/1000))+D$19*(($I87/1000)-($D$9/1000))*(($I87/1000)>($D$9/1000))+D$20*(($I87/1000)-($D$10/1000))*(($I87/1000)>($D$10/1000))+D$21*(($I87/1000)-($D$11/1000))*(($I87/1000)>($D$11/1000)) -> 0 | K87: =E$29*($I87/1000)+E$18*(($I87/1000)-($D$8/1000))*(($I87/1000)>($D$8/1000))+E$19*(($I87/1000)-($D$9/1000))*(($I87/1000)>($D$9/1000))+E$20*(($I87/1000)-($D$10/1000))*(($I87/1000)>($D$10/1000))+E$21*(($I87/1000)-($D$11/1000))*(($I87/1000)>($D$11/1000)) -> -0.99705 | L87: =SQRT((J87^2)+(K87^2)) -> 0.99705
I88: =IF((ROW(A86)*$F$2)<=$D$5, ROW(A86)*$F$2,NA()) -> 3.44 | J88: =D$29*($I88/1000)+D$18*(($I88/1000)-($D$8/1000))*(($I88/1000)>($D$8/1000))+D$19*(($I88/1000)-($D$9/1000))*(($I88/1000)>($D$9/1000))+D$20*(($I88/1000)-($D$10/1000))*(($I88/1000)>($D$10/1000))+D$21*(($I88/1000)-($D$11/1000))*(($I88/1000)>($D$11/1000)) -> 0 | K88: =E$29*($I88/1000)+E$18*(($I88/1000)-($D$8/1000))*(($I88/1000)>($D$8/1000))+E$19*(($I88/1000)-($D$9/1000))*(($I88/1000)>($D$9/1000))+E$20*(($I88/1000)-($D$10/1000))*(($I88/1000)>($D$10/1000))+E$21*(($I88/1000)-($D$11/1000))*(($I88/1000)>($D$11/1000)) -> -1.00878 | L88: =SQRT((J88^2)+(K88^2)) -> 1.00878
I89: =IF((ROW(A87)*$F$2)<=$D$5, ROW(A87)*$F$2,NA()) -> 3.48 | J89: =D$29*($I89/1000)+D$18*(($I89/1000)-($D$8/1000))*(($I89/1000)>($D$8/1000))+D$19*(($I89/1000)-($D$9/1000))*(($I89/1000)>($D$9/1000))+D$20*(($I89/1000)-($D$10/1000))*(($I89/1000)>($D$10/1000))+D$21*(($I89/1000)-($D$11/1000))*(($I89/1000)>($D$11/1000)) -> 0 | K89: =E$29*($I89/1000)+E$18*(($I89/1000)-($D$8/1000))*(($I89/1000)>($D$8/1000))+E$19*(($I89/1000)-($D$9/1000))*(($I89/1000)>($D$9/1000))+E$20*(($I89/1000)-($D$10/1000))*(($I89/1000)>($D$10/1000))+E$21*(($I89/1000)-($D$11/1000))*(($I89/1000)>($D$11/1000)) -> -1.02051 | L89: =SQRT((J89^2)+(K89^2)) -> 1.02051
I90: =IF((ROW(A88)*$F$2)<=$D$5, ROW(A88)*$F$2,NA()) -> 3.52 | J90: =D$29*($I90/1000)+D$18*(($I90/1000)-($D$8/1000))*(($I90/1000)>($D$8/1000))+D$19*(($I90/1000)-($D$9/1000))*(($I90/1000)>($D$9/1000))+D$20*(($I90/1000)-($D$10/1000))*(($I90/1000)>($D$10/1000))+D$21*(($I90/1000)-($D$11/1000))*(($I90/1000)>($D$11/1000)) -> 0 | K90: =E$29*($I90/1000)+E$18*(($I90/1000)-($D$8/1000))*(($I90/1000)>($D$8/1000))+E$19*(($I90/1000)-($D$9/1000))*(($I90/1000)>($D$9/1000))+E$20*(($I90/1000)-($D$10/1000))*(($I90/1000)>($D$10/1000))+E$21*(($I90/1000)-($D$11/1000))*(($I90/1000)>($D$11/1000)) -> -1.03224 | L90: =SQRT((J90^2)+(K90^2)) -> 1.03224
I91: =IF((ROW(A89)*$F$2)<=$D$5, ROW(A89)*$F$2,NA()) -> 3.56 | J91: =D$29*($I91/1000)+D$18*(($I91/1000)-($D$8/1000))*(($I91/1000)>($D$8/1000))+D$19*(($I91/1000)-($D$9/1000))*(($I91/1000)>($D$9/1000))+D$20*(($I91/1000)-($D$10/1000))*(($I91/1000)>($D$10/1000))+D$21*(($I91/1000)-($D$11/1000))*(($I91/1000)>($D$11/1000)) -> 0 | K91: =E$29*($I91/1000)+E$18*(($I91/1000)-($D$8/1000))*(($I91/1000)>($D$8/1000))+E$19*(($I91/1000)-($D$9/1000))*(($I91/1000)>($D$9/1000))+E$20*(($I91/1000)-($D$10/1000))*(($I91/1000)>($D$10/1000))+E$21*(($I91/1000)-($D$11/1000))*(($I91/1000)>($D$11/1000)) -> -1.04397 | L91: =SQRT((J91^2)+(K91^2)) -> 1.04397
I92: =IF((ROW(A90)*$F$2)<=$D$5, ROW(A90)*$F$2,NA()) -> 3.6 | J92: =D$29*($I92/1000)+D$18*(($I92/1000)-($D$8/1000))*(($I92/1000)>($D$8/1000))+D$19*(($I92/1000)-($D$9/1000))*(($I92/1000)>($D$9/1000))+D$20*(($I92/1000)-($D$10/1000))*(($I92/1000)>($D$10/1000))+D$21*(($I92/1000)-($D$11/1000))*(($I92/1000)>($D$11/1000)) -> 0 | K92: =E$29*($I92/1000)+E$18*(($I92/1000)-($D$8/1000))*(($I92/1000)>($D$8/1000))+E$19*(($I92/1000)-($D$9/1000))*(($I92/1000)>($D$9/1000))+E$20*(($I92/1000)-($D$10/1000))*(($I92/1000)>($D$10/1000))+E$21*(($I92/1000)-($D$11/1000))*(($I92/1000)>($D$11/1000)) -> -1.0557 | L92: =SQRT((J92^2)+(K92^2)) -> 1.0557
I93: =IF((ROW(A91)*$F$2)<=$D$5, ROW(A91)*$F$2,NA()) -> 3.64 | J93: =D$29*($I93/1000)+D$18*(($I93/1000)-($D$8/1000))*(($I93/1000)>($D$8/1000))+D$19*(($I93/1000)-($D$9/1000))*(($I93/1000)>($D$9/1000))+D$20*(($I93/1000)-($D$10/1000))*(($I93/1000)>($D$10/1000))+D$21*(($I93/1000)-($D$11/1000))*(($I93/1000)>($D$11/1000)) -> 0 | K93: =E$29*($I93/1000)+E$18*(($I93/1000)-($D$8/1000))*(($I93/1000)>($D$8/1000))+E$19*(($I93/1000)-($D$9/1000))*(($I93/1000)>($D$9/1000))+E$20*(($I93/1000)-($D$10/1000))*(($I93/1000)>($D$10/1000))+E$21*(($I93/1000)-($D$11/1000))*(($I93/1000)>($D$11/1000)) -> -1.06743 | L93: =SQRT((J93^2)+(K93^2)) -> 1.06743
I94: =IF((ROW(A92)*$F$2)<=$D$5, ROW(A92)*$F$2,NA()) -> 3.68 | J94: =D$29*($I94/1000)+D$18*(($I94/1000)-($D$8/1000))*(($I94/1000)>($D$8/1000))+D$19*(($I94/1000)-($D$9/1000))*(($I94/1000)>($D$9/1000))+D$20*(($I94/1000)-($D$10/1000))*(($I94/1000)>($D$10/1000))+D$21*(($I94/1000)-($D$11/1000))*(($I94/1000)>($D$11/1000)) -> 0 | K94: =E$29*($I94/1000)+E$18*(($I94/1000)-($D$8/1000))*(($I94/1000)>($D$8/1000))+E$19*(($I94/1000)-($D$9/1000))*(($I94/1000)>($D$9/1000))+E$20*(($I94/1000)-($D$10/1000))*(($I94/1000)>($D$10/1000))+E$21*(($I94/1000)-($D$11/1000))*(($I94/1000)>($D$11/1000)) -> -1.07916 | L94: =SQRT((J94^2)+(K94^2)) -> 1.07916
I95: =IF((ROW(A93)*$F$2)<=$D$5, ROW(A93)*$F$2,NA()) -> 3.72 | J95: =D$29*($I95/1000)+D$18*(($I95/1000)-($D$8/1000))*(($I95/1000)>($D$8/1000))+D$19*(($I95/1000)-($D$9/1000))*(($I95/1000)>($D$9/1000))+D$20*(($I95/1000)-($D$10/1000))*(($I95/1000)>($D$10/1000))+D$21*(($I95/1000)-($D$11/1000))*(($I95/1000)>($D$11/1000)) -> 0 | K95: =E$29*($I95/1000)+E$18*(($I95/1000)-($D$8/1000))*(($I95/1000)>($D$8/1000))+E$19*(($I95/1000)-($D$9/1000))*(($I95/1000)>($D$9/1000))+E$20*(($I95/1000)-($D$10/1000))*(($I95/1000)>($D$10/1000))+E$21*(($I95/1000)-($D$11/1000))*(($I95/1000)>($D$11/1000)) -> -1.09089 | L95: =SQRT((J95^2)+(K95^2)) -> 1.09089
I96: =IF((ROW(A94)*$F$2)<=$D$5, ROW(A94)*$F$2,NA()) -> 3.76 | J96: =D$29*($I96/1000)+D$18*(($I96/1000)-($D$8/1000))*(($I96/1000)>($D$8/1000))+D$19*(($I96/1000)-($D$9/1000))*(($I96/1000)>($D$9/1000))+D$20*(($I96/1000)-($D$10/1000))*(($I96/1000)>($D$10/1000))+D$21*(($I96/1000)-($D$11/1000))*(($I96/1000)>($D$11/1000)) -> 0 | K96: =E$29*($I96/1000)+E$18*(($I96/1000)-($D$8/1000))*(($I96/1000)>($D$8/1000))+E$19*(($I96/1000)-($D$9/1000))*(($I96/1000)>($D$9/1000))+E$20*(($I96/1000)-($D$10/1000))*(($I96/1000)>($D$10/1000))+E$21*(($I96/1000)-($D$11/1000))*(($I96/1000)>($D$11/1000)) -> -1.10262 | L96: =SQRT((J96^2)+(K96^2)) -> 1.10262
I97: =IF((ROW(A95)*$F$2)<=$D$5, ROW(A95)*$F$2,NA()) -> 3.8 | J97: =D$29*($I97/1000)+D$18*(($I97/1000)-($D$8/1000))*(($I97/1000)>($D$8/1000))+D$19*(($I97/1000)-($D$9/1000))*(($I97/1000)>($D$9/1000))+D$20*(($I97/1000)-($D$10/1000))*(($I97/1000)>($D$10/1000))+D$21*(($I97/1000)-($D$11/1000))*(($I97/1000)>($D$11/1000)) -> 0 | K97: =E$29*($I97/1000)+E$18*(($I97/1000)-($D$8/1000))*(($I97/1000)>($D$8/1000))+E$19*(($I97/1000)-($D$9/1000))*(($I97/1000)>($D$9/1000))+E$20*(($I97/1000)-($D$10/1000))*(($I97/1000)>($D$10/1000))+E$21*(($I97/1000)-($D$11/1000))*(($I97/1000)>($D$11/1000)) -> -1.11435 | L97: =SQRT((J97^2)+(K97^2)) -> 1.11435
I98: =IF((ROW(A96)*$F$2)<=$D$5, ROW(A96)*$F$2,NA()) -> 3.84 | J98: =D$29*($I98/1000)+D$18*(($I98/1000)-($D$8/1000))*(($I98/1000)>($D$8/1000))+D$19*(($I98/1000)-($D$9/1000))*(($I98/1000)>($D$9/1000))+D$20*(($I98/1000)-($D$10/1000))*(($I98/1000)>($D$10/1000))+D$21*(($I98/1000)-($D$11/1000))*(($I98/1000)>($D$11/1000)) -> 0 | K98: =E$29*($I98/1000)+E$18*(($I98/1000)-($D$8/1000))*(($I98/1000)>($D$8/1000))+E$19*(($I98/1000)-($D$9/1000))*(($I98/1000)>($D$9/1000))+E$20*(($I98/1000)-($D$10/1000))*(($I98/1000)>($D$10/1000))+E$21*(($I98/1000)-($D$11/1000))*(($I98/1000)>($D$11/1000)) -> -1.12608 | L98: =SQRT((J98^2)+(K98^2)) -> 1.12608
I99: =IF((ROW(A97)*$F$2)<=$D$5, ROW(A97)*$F$2,NA()) -> 3.88 | J99: =D$29*($I99/1000)+D$18*(($I99/1000)-($D$8/1000))*(($I99/1000)>($D$8/1000))+D$19*(($I99/1000)-($D$9/1000))*(($I99/1000)>($D$9/1000))+D$20*(($I99/1000)-($D$10/1000))*(($I99/1000)>($D$10/1000))+D$21*(($I99/1000)-($D$11/1000))*(($I99/1000)>($D$11/1000)) -> 0 | K99: =E$29*($I99/1000)+E$18*(($I99/1000)-($D$8/1000))*(($I99/1000)>($D$8/1000))+E$19*(($I99/1000)-($D$9/1000))*(($I99/1000)>($D$9/1000))+E$20*(($I99/1000)-($D$10/1000))*(($I99/1000)>($D$10/1000))+E$21*(($I99/1000)-($D$11/1000))*(($I99/1000)>($D$11/1000)) -> -1.13781 | L99: =SQRT((J99^2)+(K99^2)) -> 1.13781
... I1002: =IF((ROW(A1000)*$F$2)<=$D$5, ROW(A1000)*$F$2,NA()) -> 40 | J1002: =D$29*($I1002/1000)+D$18*(($I1002/1000)-($D$8/1000))*(($I1002/1000)>($D$8/1000))+D$19*(($I1002/1000)-($D$9/1000))*(($I1002/1000)>($D$9/1000))+D$20*(($I1002/1000)-($D$10/1000))*(($I1002/1000)>($D$10/1000))+D$21*(($I1002/1000)-($D$11/1000))*(($I1002/1000)>($D$11/1000)) -> 0 | K1002: =E$29*($I1002/1000)+E$18*(($I1002/1000)-($D$8/1000))*(($I1002/1000)>($D$8/1000))+E$19*(($I1002/1000)-($D$9/1000))*(($I1002/1000)>($D$9/1000))+E$20*(($I1002/1000)-($D$10/1000))*(($I1002/1000)>($D$10/1000))+E$21*(($I1002/1000)-($D$11/1000))*(($I1002/1000)>($D$11/1000)) -> 0 | L1002: =SQRT((J1002^2)+(K1002^2)) -> 0

Sheet Cmb Ld Brgs Sprdsht Quiz 6 P3 O
B2: INPUTS | C2: Units: | D2: English | H2: OUTPUTS | S2: Tables
B4: Bearing Design | H4: Initial Rated Load, C10, Fa = 0 | K4: =($C$19*$C$9*C16)*($C$32/($C$29+($C$30-$C$29)*(LN($C$6^-1))^(1/$C$31)))^(1/$C$11) -> 11.338121 | L4: kN | T4: Table 11-6 | Z4: Table 11-2 | AK4: Table 11-1
B5: Bearing Brand | C5: SKF | H5: C10 From Table 11.2, Fa = 0 | K5: =IF($C$7="Deep Groove", SMALL($AF$8:$AF$27,COUNTIF($AF$8:$AF$27,"<"&K4)+1), IF($C$7="Angular", SMALL($AH$8:$AH$27,COUNTIF($AH$8:$AH$27,"<"&K4)+1), IF($C$7="02-Series", SMALL($AC$62:$AC$82,COUNTIF($AC$62:$AC$82,"<"&K4)+1), IF($C$7="03-Series", SMALL($AG$62:$AG$82,COUNTIF($AG$62:$AG$82,"<"&K4)+1), NA())))) -> 12.7 | L5: kN | T5: Manufacturer | U5: Rating Life (revs) | V5: x0 | W5: θ | X5: b | Z5: Bore | AA5: OD | AB5: Width | AC5: Fillet Radius | AD5: Shoulder | AF5: Load Ratings | AK5: Fa/C0 | AL5: e | AM5: Fa/(VFr) <= e | AO5: Fa/(VFr) > e
B6: Design Reliability, RD | C6: =SQRT(0.97) -> 0.98488578 | E6: must be greater than 90% | H6: C0 From Table 11.2, Fa = 0 | K6: =IF($C$7="Deep Groove",VLOOKUP(K5,$AF$8:$AG$27,2,FALSE), IF($C$7="Angular", VLOOKUP(K5,$AH$8:$AI$27,2,FALSE), IF($C$7="02-Series", VLOOKUP(K5,$AC$62:$AD$82,2,FALSE), IF($C$7="03-Series", VLOOKUP(K5,$AG$62:$AH$82,2,FALSE), NA())))) -> 6.2 | L6: kN | T6: TIMKEN | U6: =90*10^6 -> 90000000 | V6: 0 | W6: 4.48 | X6: 1.5 | AD6: Diameter | AF6: Deep Groove | AH6: Angular | AM6: X1 | AN6: Y1 | AO6: X2 | AP6: Y2
B7: Contact Type | C7: Deep Groove | H7: Fa/C0 | K7: =$C$18/K6 -> 0 | T7: SKF | U7: =1*10^6 -> 1000000 | V7: 0.02 | W7: 4.459 | X7: 1.483 | AD7: ds | AE7: dh | AF7: C10 | AG7: C0 | AH7: C10 | AI7: C0 | AK7: 0.014 | AL7: 0.19 | AM7: 1 | AN7: 0 | AO7: 0.56 | AP7: 2.3
B8: Which Ring Rotates | C8: Inner Ring | Z8: 10 | AA8: 30 | AB8: 9 | AC8: 0.6 | AD8: 12.5 | AE8: 27 | AF8: 5.07 | AG8: 2.24 | AH8: 4.94 | AI8: 2.12 | AK8: 0.021 | AL8: 0.21 | AM8: 1 | AN8: 0 | AO8: 0.56 | AP8: 2.15
B9: Rotating Ring Correction Factor, Vr | C9: =IF(C8="Inner Ring", 1, 1.2) -> 1 | H9: Iteration Table for C0 value | Z9: 12 | AA9: 32 | AB9: 10 | AC9: 0.6 | AD9: 14.5 | AE9: 28 | AF9: 6.89 | AG9: 3.1 | AH9: 7.02 | AI9: 3.05 | AK9: 0.028 | AL9: 0.22 | AM9: 1 | AN9: 0 | AO9: 0.56 | AP9: 1.99
B10: Bearing Type | C10: Ball | H10: Itteration # | I10: Fa/C0 | J10: Fa/(VFr) | K10: e | L10: X | M10: Y | N10: FE [kN] | O10: Updated Search C10 [kN] | P10: Updated C10 [kN] | Q10: Updated C0 [kN] | Z10: 15 | AA10: 35 | AB10: 11 | AC10: 0.6 | AD10: 17.5 | AE10: 31 | AF10: 7.8 | AG10: 3.55 | AH10: 8.06 | AI10: 3.65 | AK10: 0.042 | AL10: 0.24 | AM10: 1 | AN10: 0 | AO10: 0.56 | AP10: 1.85
B11: Power Law Exponent, a | C11: =IF(F12,C12,IF(C10="Ball", 3, 10/3)) -> 3 | H11: 0 | I11: =IF($C$18/K6 < 0.014, 0.014, $C$18/K6) -> 0.014 | J11: =$C$18/($C$9*$C$16) -> 0 | K11: =0.506467531924409*(I11)^0.23203728471849 -> 0.18809801 | L11: =IF(J11<=K11,1,0.56) -> 1 | M11: =IF(J11<=K11,0,0.863191147423464*(I11)^(-0.234866270653838)) -> 0 | N11: =L11*$C$9*$C$16 + M11*$C$18 -> 1.304376 | O11: =($C$19*N11)*($C$32/($C$29+($C$30-$C$29)*(LN($C$6^-1))^(1/$C$31)))^(1/$C$11) -> 11.338121 | P11: =IF($C$7="Deep Groove", SMALL($AF$8:$AF$27,COUNTIF($AF$8:$AF$27,"<"&O11)+1), IF($C$7="Angular", SMALL($AH$8:$AH$27,COUNTIF($AH$8:$AH$27,"<"&O11)+1), IF($C$7="02-Series", SMALL($AC$62:$AC$82,COUNTIF($AC$62:$AC$82,"<"&O11)+1), IF($C$7="03-Series", SMALL($AG$62:$AG$82,COUNTIF($AG$62:$AG$82,"<"&O11)+1), NA())))) -> 12.7 | Q11: =IF($C$7="Deep Groove",VLOOKUP(P11,$AF$8:$AG$27,2,FALSE), IF($C$7="Angular", VLOOKUP(P11,$AH$8:$AI$27,2,FALSE), IF($C$7="02-Series", VLOOKUP(P11,$AC$62:$AD$82,2,FALSE), IF($C$7="03-Series", VLOOKUP(P11,$AG$62:$AH$82,2,FALSE), NA())))) -> 6.2 | Z11: 17 | AA11: 40 | AB11: 12 | AC11: 0.6 | AD11: 19.5 | AE11: 34 | AF11: 9.56 | AG11: 4.5 | AH11: 9.95 | AI11: 4.75 | AK11: 0.056 | AL11: 0.26 | AM11: 1 | AN11: 0 | AO11: 0.56 | AP11: 1.71
E12: Override a | F12: FALSE | H12: 1 | I12: =IF($C$18/Q11 < 0.014, 0.014, $C$18/Q11) -> 0.014 | J12: =$C$18/($C$9*$C$16) -> 0 | K12: =0.506467531924409*(I12)^0.23203728471849 -> 0.18809801 | L12: =IF(J12<=K12,1,0.56) -> 1 | M12: =IF(J12<=K12,0,0.863191147423464*(I12)^(-0.234866270653838)) -> 0 | N12: =L12*$C$9*$C$16 + M12*$C$18 -> 1.304376 | O12: =($C$19*N12)*($C$32/($C$29+($C$30-$C$29)*(LN($C$6^-1))^(1/$C$31)))^(1/$C$11) -> 11.338121 | P12: =IF($C$7="Deep Groove", SMALL($AF$8:$AF$27,COUNTIF($AF$8:$AF$27,"<"&O12)+1), IF($C$7="Angular", SMALL($AH$8:$AH$27,COUNTIF($AH$8:$AH$27,"<"&O12)+1), IF($C$7="02-Series", SMALL($AC$62:$AC$82,COUNTIF($AC$62:$AC$82,"<"&O12)+1), IF($C$7="03-Series", SMALL($AG$62:$AG$82,COUNTIF($AG$62:$AG$82,"<"&O12)+1), NA())))) -> 12.7 | Q12: =IF($C$7="Deep Groove",VLOOKUP(P12,$AF$8:$AG$27,2,FALSE), IF($C$7="Angular", VLOOKUP(P12,$AH$8:$AI$27,2,FALSE), IF($C$7="02-Series", VLOOKUP(P12,$AC$62:$AD$82,2,FALSE), IF($C$7="03-Series", VLOOKUP(P12,$AG$62:$AH$82,2,FALSE), NA())))) -> 6.2 | Z12: 20 | AA12: 47 | AB12: 14 | AC12: 1 | AD12: 25 | AE12: 41 | AF12: 12.7 | AG12: 6.2 | AH12: 13.3 | AI12: 6.55 | AK12: 0.07 | AL12: 0.27 | AM12: 1 | AN12: 0 | AO12: 0.56 | AP12: 1.63
H13: 2 | I13: =IF($C$18/Q12 < 0.014, 0.014, $C$18/Q12) -> 0.014 | J13: =$C$18/($C$9*$C$16) -> 0 | K13: =0.506467531924409*(I13)^0.23203728471849 -> 0.18809801 | L13: =IF(J13<=K13,1,0.56) -> 1 | M13: =IF(J13<=K13,0,0.863191147423464*(I13)^(-0.234866270653838)) -> 0 | N13: =L13*$C$9*$C$16 + M13*$C$18 -> 1.304376 | O13: =($C$19*N13)*($C$32/($C$29+($C$30-$C$29)*(LN($C$6^-1))^(1/$C$31)))^(1/$C$11) -> 11.338121 | P13: =IF($C$7="Deep Groove", SMALL($AF$8:$AF$27,COUNTIF($AF$8:$AF$27,"<"&O13)+1), IF($C$7="Angular", SMALL($AH$8:$AH$27,COUNTIF($AH$8:$AH$27,"<"&O13)+1), IF($C$7="02-Series", SMALL($AC$62:$AC$82,COUNTIF($AC$62:$AC$82,"<"&O13)+1), IF($C$7="03-Series", SMALL($AG$62:$AG$82,COUNTIF($AG$62:$AG$82,"<"&O13)+1), NA())))) -> 12.7 | Q13: =IF($C$7="Deep Groove",VLOOKUP(P13,$AF$8:$AG$27,2,FALSE), IF($C$7="Angular", VLOOKUP(P13,$AH$8:$AI$27,2,FALSE), IF($C$7="02-Series", VLOOKUP(P13,$AC$62:$AD$82,2,FALSE), IF($C$7="03-Series", VLOOKUP(P13,$AG$62:$AH$82,2,FALSE), NA())))) -> 6.2 | Z13: 25 | AA13: 52 | AB13: 15 | AC13: 1 | AD13: 30 | AE13: 47 | AF13: 14 | AG13: 6.95 | AH13: 14.8 | AI13: 7.65 | AK13: 0.084 | AL13: 0.28 | AM13: 1 | AN13: 0 | AO13: 0.56 | AP13: 1.55
B14: Bearing Loads | H14: 3 | I14: =IF($C$18/Q13 < 0.014, 0.014, $C$18/Q13) -> 0.014 | J14: =$C$18/($C$9*$C$16) -> 0 | K14: =0.506467531924409*(I14)^0.23203728471849 -> 0.18809801 | L14: =IF(J14<=K14,1,0.56) -> 1 | M14: =IF(J14<=K14,0,0.863191147423464*(I14)^(-0.234866270653838)) -> 0 | N14: =L14*$C$9*$C$16 + M14*$C$18 -> 1.304376 | O14: =($C$19*N14)*($C$32/($C$29+($C$30-$C$29)*(LN($C$6^-1))^(1/$C$31)))^(1/$C$11) -> 11.338121 | P14: =IF($C$7="Deep Groove", SMALL($AF$8:$AF$27,COUNTIF($AF$8:$AF$27,"<"&O14)+1), IF($C$7="Angular", SMALL($AH$8:$AH$27,COUNTIF($AH$8:$AH$27,"<"&O14)+1), IF($C$7="02-Series", SMALL($AC$62:$AC$82,COUNTIF($AC$62:$AC$82,"<"&O14)+1), IF($C$7="03-Series", SMALL($AG$62:$AG$82,COUNTIF($AG$62:$AG$82,"<"&O14)+1), NA())))) -> 12.7 | Q14: =IF($C$7="Deep Groove",VLOOKUP(P14,$AF$8:$AG$27,2,FALSE), IF($C$7="Angular", VLOOKUP(P14,$AH$8:$AI$27,2,FALSE), IF($C$7="02-Series", VLOOKUP(P14,$AC$62:$AD$82,2,FALSE), IF($C$7="03-Series", VLOOKUP(P14,$AG$62:$AH$82,2,FALSE), NA())))) -> 6.2 | Z14: 30 | AA14: 62 | AB14: 16 | AC14: 1 | AD14: 35 | AE14: 55 | AF14: 19.5 | AG14: 10 | AH14: 20.3 | AI14: 11 | AK14: 0.11 | AL14: 0.3 | AM14: 1 | AN14: 0 | AO14: 0.56 | AP14: 1.45
B15: Input Radial Load, Fr | C15: ='Shaft Moments Sprdsht Quiz 6 P3'!G29/1000 -> 0.29325 | D15: =IF($D$2="English","klbf", "kN") -> klbf | H15: 4 | I15: =IF($C$18/Q14 < 0.014, 0.014, $C$18/Q14) -> 0.014 | J15: =$C$18/($C$9*$C$16) -> 0 | K15: =0.506467531924409*(I15)^0.23203728471849 -> 0.18809801 | L15: =IF(J15<=K15,1,0.56) -> 1 | M15: =IF(J15<=K15,0,0.863191147423464*(I15)^(-0.234866270653838)) -> 0 | N15: =L15*$C$9*$C$16 + M15*$C$18 -> 1.304376 | O15: =($C$19*N15)*($C$32/($C$29+($C$30-$C$29)*(LN($C$6^-1))^(1/$C$31)))^(1/$C$11) -> 11.338121 | P15: =IF($C$7="Deep Groove", SMALL($AF$8:$AF$27,COUNTIF($AF$8:$AF$27,"<"&O15)+1), IF($C$7="Angular", SMALL($AH$8:$AH$27,COUNTIF($AH$8:$AH$27,"<"&O15)+1), IF($C$7="02-Series", SMALL($AC$62:$AC$82,COUNTIF($AC$62:$AC$82,"<"&O15)+1), IF($C$7="03-Series", SMALL($AG$62:$AG$82,COUNTIF($AG$62:$AG$82,"<"&O15)+1), NA())))) -> 12.7 | Q15: =IF($C$7="Deep Groove",VLOOKUP(P15,$AF$8:$AG$27,2,FALSE), IF($C$7="Angular", VLOOKUP(P15,$AH$8:$AI$27,2,FALSE), IF($C$7="02-Series", VLOOKUP(P15,$AC$62:$AD$82,2,FALSE), IF($C$7="03-Series", VLOOKUP(P15,$AG$62:$AH$82,2,FALSE), NA())))) -> 6.2 | Z15: 35 | AA15: 72 | AB15: 17 | AC15: 1 | AD15: 41 | AE15: 65 | AF15: 25.5 | AG15: 13.7 | AH15: 27 | AI15: 15 | AK15: 0.17 | AL15: 0.34 | AM15: 1 | AN15: 0 | AO15: 0.56 | AP15: 1.31
C16: =IF($D$2="English",C15*4.448, C15) -> 1.304376 | D16: kN | H16: 5 | I16: =IF($C$18/Q15 < 0.014, 0.014, $C$18/Q15) -> 0.014 | J16: =$C$18/($C$9*$C$16) -> 0 | K16: =0.506467531924409*(I16)^0.23203728471849 -> 0.18809801 | L16: =IF(J16<=K16,1,0.56) -> 1 | M16: =IF(J16<=K16,0,0.863191147423464*(I16)^(-0.234866270653838)) -> 0 | N16: =L16*$C$9*$C$16 + M16*$C$18 -> 1.304376 | O16: =($C$19*N16)*($C$32/($C$29+($C$30-$C$29)*(LN($C$6^-1))^(1/$C$31)))^(1/$C$11) -> 11.338121 | P16: =IF($C$7="Deep Groove", SMALL($AF$8:$AF$27,COUNTIF($AF$8:$AF$27,"<"&O16)+1), IF($C$7="Angular", SMALL($AH$8:$AH$27,COUNTIF($AH$8:$AH$27,"<"&O16)+1), IF($C$7="02-Series", SMALL($AC$62:$AC$82,COUNTIF($AC$62:$AC$82,"<"&O16)+1), IF($C$7="03-Series", SMALL($AG$62:$AG$82,COUNTIF($AG$62:$AG$82,"<"&O16)+1), NA())))) -> 12.7 | Q16: =IF($C$7="Deep Groove",VLOOKUP(P16,$AF$8:$AG$27,2,FALSE), IF($C$7="Angular", VLOOKUP(P16,$AH$8:$AI$27,2,FALSE), IF($C$7="02-Series", VLOOKUP(P16,$AC$62:$AD$82,2,FALSE), IF($C$7="03-Series", VLOOKUP(P16,$AG$62:$AH$82,2,FALSE), NA())))) -> 6.2 | Z16: 40 | AA16: 80 | AB16: 18 | AC16: 1 | AD16: 46 | AE16: 72 | AF16: 30.7 | AG16: 16.6 | AH16: 31.9 | AI16: 18.6 | AK16: 0.28 | AL16: 0.38 | AM16: 1 | AN16: 0 | AO16: 0.56 | AP16: 1.15
B17: Input Axial Load, FA | D17: =IF($D$2="English","klbf", "kN") -> klbf | H17: 6 | I17: =IF($C$18/Q16 < 0.014, 0.014, $C$18/Q16) -> 0.014 | J17: =$C$18/($C$9*$C$16) -> 0 | K17: =0.506467531924409*(I17)^0.23203728471849 -> 0.18809801 | L17: =IF(J17<=K17,1,0.56) -> 1 | M17: =IF(J17<=K17,0,0.863191147423464*(I17)^(-0.234866270653838)) -> 0 | N17: =L17*$C$9*$C$16 + M17*$C$18 -> 1.304376 | O17: =($C$19*N17)*($C$32/($C$29+($C$30-$C$29)*(LN($C$6^-1))^(1/$C$31)))^(1/$C$11) -> 11.338121 | P17: =IF($C$7="Deep Groove", SMALL($AF$8:$AF$27,COUNTIF($AF$8:$AF$27,"<"&O17)+1), IF($C$7="Angular", SMALL($AH$8:$AH$27,COUNTIF($AH$8:$AH$27,"<"&O17)+1), IF($C$7="02-Series", SMALL($AC$62:$AC$82,COUNTIF($AC$62:$AC$82,"<"&O17)+1), IF($C$7="03-Series", SMALL($AG$62:$AG$82,COUNTIF($AG$62:$AG$82,"<"&O17)+1), NA())))) -> 12.7 | Q17: =IF($C$7="Deep Groove",VLOOKUP(P17,$AF$8:$AG$27,2,FALSE), IF($C$7="Angular", VLOOKUP(P17,$AH$8:$AI$27,2,FALSE), IF($C$7="02-Series", VLOOKUP(P17,$AC$62:$AD$82,2,FALSE), IF($C$7="03-Series", VLOOKUP(P17,$AG$62:$AH$82,2,FALSE), NA())))) -> 6.2 | Z17: 45 | AA17: 85 | AB17: 19 | AC17: 1 | AD17: 52 | AE17: 77 | AF17: 33.2 | AG17: 18.6 | AH17: 35.8 | AI17: 21.2 | AK17: 0.42 | AL17: 0.42 | AM17: 1 | AN17: 0 | AO17: 0.56 | AP17: 1.04
C18: =IF($D$2="English",C17*4.448, C17) -> 0 | D18: kN | H18: 7 | I18: =IF($C$18/Q17 < 0.014, 0.014, $C$18/Q17) -> 0.014 | J18: =$C$18/($C$9*$C$16) -> 0 | K18: =0.506467531924409*(I18)^0.23203728471849 -> 0.18809801 | L18: =IF(J18<=K18,1,0.56) -> 1 | M18: =IF(J18<=K18,0,0.863191147423464*(I18)^(-0.234866270653838)) -> 0 | N18: =L18*$C$9*$C$16 + M18*$C$18 -> 1.304376 | O18: =($C$19*N18)*($C$32/($C$29+($C$30-$C$29)*(LN($C$6^-1))^(1/$C$31)))^(1/$C$11) -> 11.338121 | P18: =IF($C$7="Deep Groove", SMALL($AF$8:$AF$27,COUNTIF($AF$8:$AF$27,"<"&O18)+1), IF($C$7="Angular", SMALL($AH$8:$AH$27,COUNTIF($AH$8:$AH$27,"<"&O18)+1), IF($C$7="02-Series", SMALL($AC$62:$AC$82,COUNTIF($AC$62:$AC$82,"<"&O18)+1), IF($C$7="03-Series", SMALL($AG$62:$AG$82,COUNTIF($AG$62:$AG$82,"<"&O18)+1), NA())))) -> 12.7 | Q18: =IF($C$7="Deep Groove",VLOOKUP(P18,$AF$8:$AG$27,2,FALSE), IF($C$7="Angular", VLOOKUP(P18,$AH$8:$AI$27,2,FALSE), IF($C$7="02-Series", VLOOKUP(P18,$AC$62:$AD$82,2,FALSE), IF($C$7="03-Series", VLOOKUP(P18,$AG$62:$AH$82,2,FALSE), NA())))) -> 6.2 | Z18: 50 | AA18: 90 | AB18: 20 | AC18: 1 | AD18: 56 | AE18: 82 | AF18: 35.1 | AG18: 19.6 | AH18: 37.7 | AI18: 22.8 | AK18: 0.56 | AL18: 0.44 | AM18: 1 | AN18: 0 | AO18: 0.56 | AP18: 1
B19: Load Application Factor, af | C19: 1.2 | H19: 8 | I19: =IF($C$18/Q18 < 0.014, 0.014, $C$18/Q18) -> 0.014 | J19: =$C$18/($C$9*$C$16) -> 0 | K19: =0.506467531924409*(I19)^0.23203728471849 -> 0.18809801 | L19: =IF(J19<=K19,1,0.56) -> 1 | M19: =IF(J19<=K19,0,0.863191147423464*(I19)^(-0.234866270653838)) -> 0 | N19: =L19*$C$9*$C$16 + M19*$C$18 -> 1.304376 | O19: =($C$19*N19)*($C$32/($C$29+($C$30-$C$29)*(LN($C$6^-1))^(1/$C$31)))^(1/$C$11) -> 11.338121 | P19: =IF($C$7="Deep Groove", SMALL($AF$8:$AF$27,COUNTIF($AF$8:$AF$27,"<"&O19)+1), IF($C$7="Angular", SMALL($AH$8:$AH$27,COUNTIF($AH$8:$AH$27,"<"&O19)+1), IF($C$7="02-Series", SMALL($AC$62:$AC$82,COUNTIF($AC$62:$AC$82,"<"&O19)+1), IF($C$7="03-Series", SMALL($AG$62:$AG$82,COUNTIF($AG$62:$AG$82,"<"&O19)+1), NA())))) -> 12.7 | Q19: =IF($C$7="Deep Groove",VLOOKUP(P19,$AF$8:$AG$27,2,FALSE), IF($C$7="Angular", VLOOKUP(P19,$AH$8:$AI$27,2,FALSE), IF($C$7="02-Series", VLOOKUP(P19,$AC$62:$AD$82,2,FALSE), IF($C$7="03-Series", VLOOKUP(P19,$AG$62:$AH$82,2,FALSE), NA())))) -> 6.2 | Z19: 55 | AA19: 100 | AB19: 21 | AC19: 1.5 | AD19: 63 | AE19: 90 | AF19: 43.6 | AG19: 25 | AH19: 46.2 | AI19: 28.5
H20: 9 | I20: =IF($C$18/Q19 < 0.014, 0.014, $C$18/Q19) -> 0.014 | J20: =$C$18/($C$9*$C$16) -> 0 | K20: =0.506467531924409*(I20)^0.23203728471849 -> 0.18809801 | L20: =IF(J20<=K20,1,0.56) -> 1 | M20: =IF(J20<=K20,0,0.863191147423464*(I20)^(-0.234866270653838)) -> 0 | N20: =L20*$C$9*$C$16 + M20*$C$18 -> 1.304376 | O20: =($C$19*N20)*($C$32/($C$29+($C$30-$C$29)*(LN($C$6^-1))^(1/$C$31)))^(1/$C$11) -> 11.338121 | P20: =IF($C$7="Deep Groove", SMALL($AF$8:$AF$27,COUNTIF($AF$8:$AF$27,"<"&O20)+1), IF($C$7="Angular", SMALL($AH$8:$AH$27,COUNTIF($AH$8:$AH$27,"<"&O20)+1), IF($C$7="02-Series", SMALL($AC$62:$AC$82,COUNTIF($AC$62:$AC$82,"<"&O20)+1), IF($C$7="03-Series", SMALL($AG$62:$AG$82,COUNTIF($AG$62:$AG$82,"<"&O20)+1), NA())))) -> 12.7 | Q20: =IF($C$7="Deep Groove",VLOOKUP(P20,$AF$8:$AG$27,2,FALSE), IF($C$7="Angular", VLOOKUP(P20,$AH$8:$AI$27,2,FALSE), IF($C$7="02-Series", VLOOKUP(P20,$AC$62:$AD$82,2,FALSE), IF($C$7="03-Series", VLOOKUP(P20,$AG$62:$AH$82,2,FALSE), NA())))) -> 6.2 | Z20: 60 | AA20: 110 | AB20: 22 | AC20: 1.5 | AD20: 70 | AE20: 99 | AF20: 47.5 | AG20: 28 | AH20: 55.9 | AI20: 35.5
B21: Design Cycle Lifetime | H21: 10 | I21: =IF($C$18/Q20 < 0.014, 0.014, $C$18/Q20) -> 0.014 | J21: =$C$18/($C$9*$C$16) -> 0 | K21: =0.506467531924409*(I21)^0.23203728471849 -> 0.18809801 | L21: =IF(J21<=K21,1,0.56) -> 1 | M21: =IF(J21<=K21,0,0.863191147423464*(I21)^(-0.234866270653838)) -> 0 | N21: =L21*$C$9*$C$16 + M21*$C$18 -> 1.304376 | O21: =($C$19*N21)*($C$32/($C$29+($C$30-$C$29)*(LN($C$6^-1))^(1/$C$31)))^(1/$C$11) -> 11.338121 | P21: =IF($C$7="Deep Groove", SMALL($AF$8:$AF$27,COUNTIF($AF$8:$AF$27,"<"&O21)+1), IF($C$7="Angular", SMALL($AH$8:$AH$27,COUNTIF($AH$8:$AH$27,"<"&O21)+1), IF($C$7="02-Series", SMALL($AC$62:$AC$82,COUNTIF($AC$62:$AC$82,"<"&O21)+1), IF($C$7="03-Series", SMALL($AG$62:$AG$82,COUNTIF($AG$62:$AG$82,"<"&O21)+1), NA())))) -> 12.7 | Q21: =IF($C$7="Deep Groove",VLOOKUP(P21,$AF$8:$AG$27,2,FALSE), IF($C$7="Angular", VLOOKUP(P21,$AH$8:$AI$27,2,FALSE), IF($C$7="02-Series", VLOOKUP(P21,$AC$62:$AD$82,2,FALSE), IF($C$7="03-Series", VLOOKUP(P21,$AG$62:$AH$82,2,FALSE), NA())))) -> 6.2 | Z21: 65 | AA21: 120 | AB21: 23 | AC21: 1.5 | AD21: 74 | AE21: 109 | AF21: 55.9 | AG21: 34 | AH21: 63.7 | AI21: 41.5
B22: Lifetime, ℒD | C22: 4000 | D22: hrs | Z22: 70 | AA22: 125 | AB22: 24 | AC22: 1.5 | AD22: 79 | AE22: 114 | AF22: 61.8 | AG22: 37.5 | AH22: 68.9 | AI22: 45.5
B23: Rotation Speed, n | C23: 450 | D23: rpm | H23: Final Iterated Values | Z23: 75 | AA23: 130 | AB23: 25 | AC23: 1.5 | AD23: 86 | AE23: 119 | AF23: 66.3 | AG23: 40.5 | AH23: 71.5 | AI23: 49
B24: Design Lifetime, LD | C24: =IF(F25,C25,C22*C23*60) -> 108000000 | D24: revs | H24: Iterated C10 | I24: =P21 -> 12.7 | J24: kN | Z24: 80 | AA24: 140 | AB24: 26 | AC24: 2 | AD24: 93 | AE24: 127 | AF24: 70.2 | AG24: 45 | AH24: 80.6 | AI24: 55
C25: 100000000 | D25: revs | E25: Override LD | F25: FALSE | I25: =I24/4.448 -> 2.8552158 | J25: klbf | Z25: 85 | AA25: 150 | AB25: 28 | AC25: 2 | AD25: 99 | AE25: 136 | AF25: 83.2 | AG25: 53 | AH25: 90.4 | AI25: 63
H26: Iterated C0 | I26: =Q21 -> 6.2 | J26: kN | Z26: 90 | AA26: 160 | AB26: 30 | AC26: 2 | AD26: 104 | AE26: 146 | AF26: 95.6 | AG26: 62 | AH26: 106 | AI26: 73.5
B27: Weibull Paramters Automattically Based on Bearing Brand | E27: RD for 90% = | F27: =EXP(-1*((1 - C29) / (C30 - C29))^C31) -> 0.8990379 | I27: =I26/4.448 -> 1.3938849 | J27: klbf | Z27: 95 | AA27: 170 | AB27: 32 | AC27: 2 | AD27: 110 | AE27: 156 | AF27: 108 | AG27: 69.5 | AH27: 121 | AI27: 85
B28: Rating Life, L10 | C28: =IF(F36,C37,VLOOKUP($C$5,$T$6:$X$7,2,FALSE)) -> 1000000 | D28: revs
B29: x0 | C29: =IF(F36,C38,VLOOKUP($C$5,$T$6:$X$7,3,FALSE)) -> 0.02
B30: θ | C30: =IF(F36,C40,VLOOKUP($C$5,$T$6:$X$7,4,FALSE)) -> 4.459
B31: b | C31: =IF(F36,C42,VLOOKUP($C$5,$T$6:$X$7,5,FALSE)) -> 1.483
B32: Nomormalized Lifetime by Design, xD | C32: =IF(F33,C33,C24/C28) -> 108 | D32: revs
D33: revs | E33: Override xD | F33: FALSE
B34: Normalized Lifetime, xB | C34: =C29+(C30-C29)*(LN(C6^-1))^(1/C31) -> 0.28415329 | E34: For RD | F34: =C6 -> 0.98488578
B36: Weibull Parameters | E36: Override Weibull Parameters | F36: FALSE
B37: Rating Life, L10 | C37: =10^6 -> 1000000 | D37: revs
B38: x0 | C38: 0.02
B39: θ - x0 | C39: 4.439
B40: θ | C40: =IF(F41,C41,C39+C38) -> 4.459
D41: revs | E41: Override θ | F41: FALSE
B42: b | C42: 1.483
Z58: Table 11-3
AA59: 02-Series | AE59: 03-Series
Z60: Bore | AA60: OD | AB60: Width | AC60: Load Rating | AE60: OD | AF60: Width | AG60: Load Rating
AC61: C10 | AD61: C0 | AG61: C10 | AH61: C0
Z62: 25 | AA62: 52 | AB62: 15 | AC62: 16.8 | AD62: 8.8 | AE62: 62 | AF62: 17 | AG62: 28.6 | AH62: 15
Z63: 30 | AA63: 62 | AB63: 16 | AC63: 22.4 | AD63: 12 | AE63: 72 | AF63: 19 | AG63: 36.9 | AH63: 20
Z64: 35 | AA64: 72 | AB64: 17 | AC64: 31.9 | AD64: 17.6 | AE64: 80 | AF64: 21 | AG64: 44.6 | AH64: 27.1
Z65: 40 | AA65: 80 | AB65: 18 | AC65: 41.8 | AD65: 24 | AE65: 90 | AF65: 23 | AG65: 56.1 | AH65: 32.5
Z66: 45 | AA66: 85 | AB66: 19 | AC66: 44 | AD66: 25.5 | AE66: 100 | AF66: 25 | AG66: 72.1 | AH66: 45.4
Z67: 50 | AA67: 90 | AB67: 20 | AC67: 45.7 | AD67: 27.5 | AE67: 110 | AF67: 27 | AG67: 88 | AH67: 52
Z68: 55 | AA68: 100 | AB68: 21 | AC68: 56.1 | AD68: 34 | AE68: 120 | AF68: 29 | AG68: 102 | AH68: 67.2
Z69: 60 | AA69: 110 | AB69: 22 | AC69: 64.4 | AD69: 43.1 | AE69: 130 | AF69: 31 | AG69: 123 | AH69: 76.5
Z70: 65 | AA70: 120 | AB70: 23 | AC70: 76.5 | AD70: 51.2 | AE70: 140 | AF70: 33 | AG70: 138 | AH70: 85
Z71: 70 | AA71: 125 | AB71: 24 | AC71: 79.2 | AD71: 51.2 | AE71: 150 | AF71: 35 | AG71: 151 | AH71: 102
Z72: 75 | AA72: 130 | AB72: 25 | AC72: 93.1 | AD72: 69.4 | AE72: 160 | AF72: 37 | AG72: 183 | AH72: 125
Z73: 80 | AA73: 140 | AB73: 26 | AC73: 106 | AD73: 78.3 | AE73: 170 | AF73: 39 | AG73: 190 | AH73: 125
... Z82: 150 | AA82: 270 | AB82: 45 | AC82: 446 | AD82: 320 | AE82: 320 | AF82: 65 | AG82: 781 | AH82: 502

Sheet Cmb Ld Brgs Sprdsht Quiz 6 P3 C
B2: INPUTS | C2: Units: | D2: English | H2: OUTPUTS | S2: Tables
B4: Bearing Design | H4: Initial Rated Load, C10, Fa = 0 | K4: =($C$19*$C$9*C16)*($C$32/($C$29+($C$30-$C$29)*(LN($C$6^-1))^(1/$C$31)))^(1/$C$11) -> 6.8917988 | L4: kN | T4: Table 11-6 | Z4: Table 11-2 | AK4: Table 11-1
B5: Bearing Brand | C5: SKF | H5: C10 From Table 11.2, Fa = 0 | K5: =IF($C$7="Deep Groove", SMALL($AF$8:$AF$27,COUNTIF($AF$8:$AF$27,"<"&K4)+1), IF($C$7="Angular", SMALL($AH$8:$AH$27,COUNTIF($AH$8:$AH$27,"<"&K4)+1), IF($C$7="02-Series", SMALL($AC$62:$AC$82,COUNTIF($AC$62:$AC$82,"<"&K4)+1), IF($C$7="03-Series", SMALL($AG$62:$AG$82,COUNTIF($AG$62:$AG$82,"<"&K4)+1), NA())))) -> 7.8 | L5: kN | T5: Manufacturer | U5: Rating Life (revs) | V5: x0 | W5: θ | X5: b | Z5: Bore | AA5: OD | AB5: Width | AC5: Fillet Radius | AD5: Shoulder | AF5: Load Ratings | AK5: Fa/C0 | AL5: e | AM5: Fa/(VFr) <= e | AO5: Fa/(VFr) > e
B6: Design Reliability, RD | C6: =SQRT(0.97) -> 0.98488578 | E6: must be greater than 90% | H6: C0 From Table 11.2, Fa = 0 | K6: =IF($C$7="Deep Groove",VLOOKUP(K5,$AF$8:$AG$27,2,FALSE), IF($C$7="Angular", VLOOKUP(K5,$AH$8:$AI$27,2,FALSE), IF($C$7="02-Series", VLOOKUP(K5,$AC$62:$AD$82,2,FALSE), IF($C$7="03-Series", VLOOKUP(K5,$AG$62:$AH$82,2,FALSE), NA())))) -> 3.55 | L6: kN | T6: TIMKEN | U6: =90*10^6 -> 90000000 | V6: 0 | W6: 4.48 | X6: 1.5 | AD6: Diameter | AF6: Deep Groove | AH6: Angular | AM6: X1 | AN6: Y1 | AO6: X2 | AP6: Y2
B7: Contact Type | C7: Deep Groove | H7: Fa/C0 | K7: =$C$18/K6 -> 0 | T7: SKF | U7: =1*10^6 -> 1000000 | V7: 0.02 | W7: 4.459 | X7: 1.483 | AD7: ds | AE7: dh | AF7: C10 | AG7: C0 | AH7: C10 | AI7: C0 | AK7: 0.014 | AL7: 0.19 | AM7: 1 | AN7: 0 | AO7: 0.56 | AP7: 2.3
B8: Which Ring Rotates | C8: Inner Ring | Z8: 10 | AA8: 30 | AB8: 9 | AC8: 0.6 | AD8: 12.5 | AE8: 27 | AF8: 5.07 | AG8: 2.24 | AH8: 4.94 | AI8: 2.12 | AK8: 0.021 | AL8: 0.21 | AM8: 1 | AN8: 0 | AO8: 0.56 | AP8: 2.15
B9: Rotating Ring Correction Factor, Vr | C9: =IF(C8="Inner Ring", 1, 1.2) -> 1 | H9: Iteration Table for C0 value | Z9: 12 | AA9: 32 | AB9: 10 | AC9: 0.6 | AD9: 14.5 | AE9: 28 | AF9: 6.89 | AG9: 3.1 | AH9: 7.02 | AI9: 3.05 | AK9: 0.028 | AL9: 0.22 | AM9: 1 | AN9: 0 | AO9: 0.56 | AP9: 1.99
B10: Bearing Type | C10: Ball | H10: Itteration # | I10: Fa/C0 | J10: Fa/(VFr) | K10: e | L10: X | M10: Y | N10: FE [kN] | O10: Updated Search C10 [kN] | P10: Updated C10 [kN] | Q10: Updated C0 [kN] | Z10: 15 | AA10: 35 | AB10: 11 | AC10: 0.6 | AD10: 17.5 | AE10: 31 | AF10: 7.8 | AG10: 3.55 | AH10: 8.06 | AI10: 3.65 | AK10: 0.042 | AL10: 0.24 | AM10: 1 | AN10: 0 | AO10: 0.56 | AP10: 1.85
B11: Power Law Exponent, a | C11: =IF(F12,C12,IF(C10="Ball", 3, 10/3)) -> 3 | H11: 0 | I11: =IF($C$18/K6 < 0.014, 0.014, $C$18/K6) -> 0.014 | J11: =$C$18/($C$9*$C$16) -> 0 | K11: =0.506467531924409*(I11)^0.23203728471849 -> 0.18809801 | L11: =IF(J11<=K11,1,0.56) -> 1 | M11: =IF(J11<=K11,0,0.863191147423464*(I11)^(-0.234866270653838)) -> 0 | N11: =L11*$C$9*$C$16 + M11*$C$18 -> 0.792856 | O11: =($C$19*N11)*($C$32/($C$29+($C$30-$C$29)*(LN($C$6^-1))^(1/$C$31)))^(1/$C$11) -> 6.8917988 | P11: =IF($C$7="Deep Groove", SMALL($AF$8:$AF$27,COUNTIF($AF$8:$AF$27,"<"&O11)+1), IF($C$7="Angular", SMALL($AH$8:$AH$27,COUNTIF($AH$8:$AH$27,"<"&O11)+1), IF($C$7="02-Series", SMALL($AC$62:$AC$82,COUNTIF($AC$62:$AC$82,"<"&O11)+1), IF($C$7="03-Series", SMALL($AG$62:$AG$82,COUNTIF($AG$62:$AG$82,"<"&O11)+1), NA())))) -> 7.8 | Q11: =IF($C$7="Deep Groove",VLOOKUP(P11,$AF$8:$AG$27,2,FALSE), IF($C$7="Angular", VLOOKUP(P11,$AH$8:$AI$27,2,FALSE), IF($C$7="02-Series", VLOOKUP(P11,$AC$62:$AD$82,2,FALSE), IF($C$7="03-Series", VLOOKUP(P11,$AG$62:$AH$82,2,FALSE), NA())))) -> 3.55 | Z11: 17 | AA11: 40 | AB11: 12 | AC11: 0.6 | AD11: 19.5 | AE11: 34 | AF11: 9.56 | AG11: 4.5 | AH11: 9.95 | AI11: 4.75 | AK11: 0.056 | AL11: 0.26 | AM11: 1 | AN11: 0 | AO11: 0.56 | AP11: 1.71
E12: Override a | F12: FALSE | H12: 1 | I12: =IF($C$18/Q11 < 0.014, 0.014, $C$18/Q11) -> 0.014 | J12: =$C$18/($C$9*$C$16) -> 0 | K12: =0.506467531924409*(I12)^0.23203728471849 -> 0.18809801 | L12: =IF(J12<=K12,1,0.56) -> 1 | M12: =IF(J12<=K12,0,0.863191147423464*(I12)^(-0.234866270653838)) -> 0 | N12: =L12*$C$9*$C$16 + M12*$C$18 -> 0.792856 | O12: =($C$19*N12)*($C$32/($C$29+($C$30-$C$29)*(LN($C$6^-1))^(1/$C$31)))^(1/$C$11) -> 6.8917988 | P12: =IF($C$7="Deep Groove", SMALL($AF$8:$AF$27,COUNTIF($AF$8:$AF$27,"<"&O12)+1), IF($C$7="Angular", SMALL($AH$8:$AH$27,COUNTIF($AH$8:$AH$27,"<"&O12)+1), IF($C$7="02-Series", SMALL($AC$62:$AC$82,COUNTIF($AC$62:$AC$82,"<"&O12)+1), IF($C$7="03-Series", SMALL($AG$62:$AG$82,COUNTIF($AG$62:$AG$82,"<"&O12)+1), NA())))) -> 7.8 | Q12: =IF($C$7="Deep Groove",VLOOKUP(P12,$AF$8:$AG$27,2,FALSE), IF($C$7="Angular", VLOOKUP(P12,$AH$8:$AI$27,2,FALSE), IF($C$7="02-Series", VLOOKUP(P12,$AC$62:$AD$82,2,FALSE), IF($C$7="03-Series", VLOOKUP(P12,$AG$62:$AH$82,2,FALSE), NA())))) -> 3.55 | Z12: 20 | AA12: 47 | AB12: 14 | AC12: 1 | AD12: 25 | AE12: 41 | AF12: 12.7 | AG12: 6.2 | AH12: 13.3 | AI12: 6.55 | AK12: 0.07 | AL12: 0.27 | AM12: 1 | AN12: 0 | AO12: 0.56 | AP12: 1.63
H13: 2 | I13: =IF($C$18/Q12 < 0.014, 0.014, $C$18/Q12) -> 0.014 | J13: =$C$18/($C$9*$C$16) -> 0 | K13: =0.506467531924409*(I13)^0.23203728471849 -> 0.18809801 | L13: =IF(J13<=K13,1,0.56) -> 1 | M13: =IF(J13<=K13,0,0.863191147423464*(I13)^(-0.234866270653838)) -> 0 | N13: =L13*$C$9*$C$16 + M13*$C$18 -> 0.792856 | O13: =($C$19*N13)*($C$32/($C$29+($C$30-$C$29)*(LN($C$6^-1))^(1/$C$31)))^(1/$C$11) -> 6.8917988 | P13: =IF($C$7="Deep Groove", SMALL($AF$8:$AF$27,COUNTIF($AF$8:$AF$27,"<"&O13)+1), IF($C$7="Angular", SMALL($AH$8:$AH$27,COUNTIF($AH$8:$AH$27,"<"&O13)+1), IF($C$7="02-Series", SMALL($AC$62:$AC$82,COUNTIF($AC$62:$AC$82,"<"&O13)+1), IF($C$7="03-Series", SMALL($AG$62:$AG$82,COUNTIF($AG$62:$AG$82,"<"&O13)+1), NA())))) -> 7.8 | Q13: =IF($C$7="Deep Groove",VLOOKUP(P13,$AF$8:$AG$27,2,FALSE), IF($C$7="Angular", VLOOKUP(P13,$AH$8:$AI$27,2,FALSE), IF($C$7="02-Series", VLOOKUP(P13,$AC$62:$AD$82,2,FALSE), IF($C$7="03-Series", VLOOKUP(P13,$AG$62:$AH$82,2,FALSE), NA())))) -> 3.55 | Z13: 25 | AA13: 52 | AB13: 15 | AC13: 1 | AD13: 30 | AE13: 47 | AF13: 14 | AG13: 6.95 | AH13: 14.8 | AI13: 7.65 | AK13: 0.084 | AL13: 0.28 | AM13: 1 | AN13: 0 | AO13: 0.56 | AP13: 1.55
B14: Bearing Loads | H14: 3 | I14: =IF($C$18/Q13 < 0.014, 0.014, $C$18/Q13) -> 0.014 | J14: =$C$18/($C$9*$C$16) -> 0 | K14: =0.506467531924409*(I14)^0.23203728471849 -> 0.18809801 | L14: =IF(J14<=K14,1,0.56) -> 1 | M14: =IF(J14<=K14,0,0.863191147423464*(I14)^(-0.234866270653838)) -> 0 | N14: =L14*$C$9*$C$16 + M14*$C$18 -> 0.792856 | O14: =($C$19*N14)*($C$32/($C$29+($C$30-$C$29)*(LN($C$6^-1))^(1/$C$31)))^(1/$C$11) -> 6.8917988 | P14: =IF($C$7="Deep Groove", SMALL($AF$8:$AF$27,COUNTIF($AF$8:$AF$27,"<"&O14)+1), IF($C$7="Angular", SMALL($AH$8:$AH$27,COUNTIF($AH$8:$AH$27,"<"&O14)+1), IF($C$7="02-Series", SMALL($AC$62:$AC$82,COUNTIF($AC$62:$AC$82,"<"&O14)+1), IF($C$7="03-Series", SMALL($AG$62:$AG$82,COUNTIF($AG$62:$AG$82,"<"&O14)+1), NA())))) -> 7.8 | Q14: =IF($C$7="Deep Groove",VLOOKUP(P14,$AF$8:$AG$27,2,FALSE), IF($C$7="Angular", VLOOKUP(P14,$AH$8:$AI$27,2,FALSE), IF($C$7="02-Series", VLOOKUP(P14,$AC$62:$AD$82,2,FALSE), IF($C$7="03-Series", VLOOKUP(P14,$AG$62:$AH$82,2,FALSE), NA())))) -> 3.55 | Z14: 30 | AA14: 62 | AB14: 16 | AC14: 1 | AD14: 35 | AE14: 55 | AF14: 19.5 | AG14: 10 | AH14: 20.3 | AI14: 11 | AK14: 0.11 | AL14: 0.3 | AM14: 1 | AN14: 0 | AO14: 0.56 | AP14: 1.45
B15: Input Radial Load, Fr | C15: ='Shaft Moments Sprdsht Quiz 6 P3'!G30/1000 -> 0.17825 | D15: =IF($D$2="English","klbf", "kN") -> klbf | H15: 4 | I15: =IF($C$18/Q14 < 0.014, 0.014, $C$18/Q14) -> 0.014 | J15: =$C$18/($C$9*$C$16) -> 0 | K15: =0.506467531924409*(I15)^0.23203728471849 -> 0.18809801 | L15: =IF(J15<=K15,1,0.56) -> 1 | M15: =IF(J15<=K15,0,0.863191147423464*(I15)^(-0.234866270653838)) -> 0 | N15: =L15*$C$9*$C$16 + M15*$C$18 -> 0.792856 | O15: =($C$19*N15)*($C$32/($C$29+($C$30-$C$29)*(LN($C$6^-1))^(1/$C$31)))^(1/$C$11) -> 6.8917988 | P15: =IF($C$7="Deep Groove", SMALL($AF$8:$AF$27,COUNTIF($AF$8:$AF$27,"<"&O15)+1), IF($C$7="Angular", SMALL($AH$8:$AH$27,COUNTIF($AH$8:$AH$27,"<"&O15)+1), IF($C$7="02-Series", SMALL($AC$62:$AC$82,COUNTIF($AC$62:$AC$82,"<"&O15)+1), IF($C$7="03-Series", SMALL($AG$62:$AG$82,COUNTIF($AG$62:$AG$82,"<"&O15)+1), NA())))) -> 7.8 | Q15: =IF($C$7="Deep Groove",VLOOKUP(P15,$AF$8:$AG$27,2,FALSE), IF($C$7="Angular", VLOOKUP(P15,$AH$8:$AI$27,2,FALSE), IF($C$7="02-Series", VLOOKUP(P15,$AC$62:$AD$82,2,FALSE), IF($C$7="03-Series", VLOOKUP(P15,$AG$62:$AH$82,2,FALSE), NA())))) -> 3.55 | Z15: 35 | AA15: 72 | AB15: 17 | AC15: 1 | AD15: 41 | AE15: 65 | AF15: 25.5 | AG15: 13.7 | AH15: 27 | AI15: 15 | AK15: 0.17 | AL15: 0.34 | AM15: 1 | AN15: 0 | AO15: 0.56 | AP15: 1.31
C16: =IF($D$2="English",C15*4.448, C15) -> 0.792856 | D16: kN | H16: 5 | I16: =IF($C$18/Q15 < 0.014, 0.014, $C$18/Q15) -> 0.014 | J16: =$C$18/($C$9*$C$16) -> 0 | K16: =0.506467531924409*(I16)^0.23203728471849 -> 0.18809801 | L16: =IF(J16<=K16,1,0.56) -> 1 | M16: =IF(J16<=K16,0,0.863191147423464*(I16)^(-0.234866270653838)) -> 0 | N16: =L16*$C$9*$C$16 + M16*$C$18 -> 0.792856 | O16: =($C$19*N16)*($C$32/($C$29+($C$30-$C$29)*(LN($C$6^-1))^(1/$C$31)))^(1/$C$11) -> 6.8917988 | P16: =IF($C$7="Deep Groove", SMALL($AF$8:$AF$27,COUNTIF($AF$8:$AF$27,"<"&O16)+1), IF($C$7="Angular", SMALL($AH$8:$AH$27,COUNTIF($AH$8:$AH$27,"<"&O16)+1), IF($C$7="02-Series", SMALL($AC$62:$AC$82,COUNTIF($AC$62:$AC$82,"<"&O16)+1), IF($C$7="03-Series", SMALL($AG$62:$AG$82,COUNTIF($AG$62:$AG$82,"<"&O16)+1), NA())))) -> 7.8 | Q16: =IF($C$7="Deep Groove",VLOOKUP(P16,$AF$8:$AG$27,2,FALSE), IF($C$7="Angular", VLOOKUP(P16,$AH$8:$AI$27,2,FALSE), IF($C$7="02-Series", VLOOKUP(P16,$AC$62:$AD$82,2,FALSE), IF($C$7="03-Series", VLOOKUP(P16,$AG$62:$AH$82,2,FALSE), NA())))) -> 3.55 | Z16: 40 | AA16: 80 | AB16: 18 | AC16: 1 | AD16: 46 | AE16: 72 | AF16: 30.7 | AG16: 16.6 | AH16: 31.9 | AI16: 18.6 | AK16: 0.28 | AL16: 0.38 | AM16: 1 | AN16: 0 | AO16: 0.56 | AP16: 1.15
B17: Input Axial Load, FA | D17: =IF($D$2="English","klbf", "kN") -> klbf | H17: 6 | I17: =IF($C$18/Q16 < 0.014, 0.014, $C$18/Q16) -> 0.014 | J17: =$C$18/($C$9*$C$16) -> 0 | K17: =0.506467531924409*(I17)^0.23203728471849 -> 0.18809801 | L17: =IF(J17<=K17,1,0.56) -> 1 | M17: =IF(J17<=K17,0,0.863191147423464*(I17)^(-0.234866270653838)) -> 0 | N17: =L17*$C$9*$C$16 + M17*$C$18 -> 0.792856 | O17: =($C$19*N17)*($C$32/($C$29+($C$30-$C$29)*(LN($C$6^-1))^(1/$C$31)))^(1/$C$11) -> 6.8917988 | P17: =IF($C$7="Deep Groove", SMALL($AF$8:$AF$27,COUNTIF($AF$8:$AF$27,"<"&O17)+1), IF($C$7="Angular", SMALL($AH$8:$AH$27,COUNTIF($AH$8:$AH$27,"<"&O17)+1), IF($C$7="02-Series", SMALL($AC$62:$AC$82,COUNTIF($AC$62:$AC$82,"<"&O17)+1), IF($C$7="03-Series", SMALL($AG$62:$AG$82,COUNTIF($AG$62:$AG$82,"<"&O17)+1), NA())))) -> 7.8 | Q17: =IF($C$7="Deep Groove",VLOOKUP(P17,$AF$8:$AG$27,2,FALSE), IF($C$7="Angular", VLOOKUP(P17,$AH$8:$AI$27,2,FALSE), IF($C$7="02-Series", VLOOKUP(P17,$AC$62:$AD$82,2,FALSE), IF($C$7="03-Series", VLOOKUP(P17,$AG$62:$AH$82,2,FALSE), NA())))) -> 3.55 | Z17: 45 | AA17: 85 | AB17: 19 | AC17: 1 | AD17: 52 | AE17: 77 | AF17: 33.2 | AG17: 18.6 | AH17: 35.8 | AI17: 21.2 | AK17: 0.42 | AL17: 0.42 | AM17: 1 | AN17: 0 | AO17: 0.56 | AP17: 1.04
C18: =IF($D$2="English",C17*4.448, C17) -> 0 | D18: kN | H18: 7 | I18: =IF($C$18/Q17 < 0.014, 0.014, $C$18/Q17) -> 0.014 | J18: =$C$18/($C$9*$C$16) -> 0 | K18: =0.506467531924409*(I18)^0.23203728471849 -> 0.18809801 | L18: =IF(J18<=K18,1,0.56) -> 1 | M18: =IF(J18<=K18,0,0.863191147423464*(I18)^(-0.234866270653838)) -> 0 | N18: =L18*$C$9*$C$16 + M18*$C$18 -> 0.792856 | O18: =($C$19*N18)*($C$32/($C$29+($C$30-$C$29)*(LN($C$6^-1))^(1/$C$31)))^(1/$C$11) -> 6.8917988 | P18: =IF($C$7="Deep Groove", SMALL($AF$8:$AF$27,COUNTIF($AF$8:$AF$27,"<"&O18)+1), IF($C$7="Angular", SMALL($AH$8:$AH$27,COUNTIF($AH$8:$AH$27,"<"&O18)+1), IF($C$7="02-Series", SMALL($AC$62:$AC$82,COUNTIF($AC$62:$AC$82,"<"&O18)+1), IF($C$7="03-Series", SMALL($AG$62:$AG$82,COUNTIF($AG$62:$AG$82,"<"&O18)+1), NA())))) -> 7.8 | Q18: =IF($C$7="Deep Groove",VLOOKUP(P18,$AF$8:$AG$27,2,FALSE), IF($C$7="Angular", VLOOKUP(P18,$AH$8:$AI$27,2,FALSE), IF($C$7="02-Series", VLOOKUP(P18,$AC$62:$AD$82,2,FALSE), IF($C$7="03-Series", VLOOKUP(P18,$AG$62:$AH$82,2,FALSE), NA())))) -> 3.55 | Z18: 50 | AA18: 90 | AB18: 20 | AC18: 1 | AD18: 56 | AE18: 82 | AF18: 35.1 | AG18: 19.6 | AH18: 37.7 | AI18: 22.8 | AK18: 0.56 | AL18: 0.44 | AM18: 1 | AN18: 0 | AO18: 0.56 | AP18: 1
B19: Load Application Factor, af | C19: 1.2 | H19: 8 | I19: =IF($C$18/Q18 < 0.014, 0.014, $C$18/Q18) -> 0.014 | J19: =$C$18/($C$9*$C$16) -> 0 | K19: =0.506467531924409*(I19)^0.23203728471849 -> 0.18809801 | L19: =IF(J19<=K19,1,0.56) -> 1 | M19: =IF(J19<=K19,0,0.863191147423464*(I19)^(-0.234866270653838)) -> 0 | N19: =L19*$C$9*$C$16 + M19*$C$18 -> 0.792856 | O19: =($C$19*N19)*($C$32/($C$29+($C$30-$C$29)*(LN($C$6^-1))^(1/$C$31)))^(1/$C$11) -> 6.8917988 | P19: =IF($C$7="Deep Groove", SMALL($AF$8:$AF$27,COUNTIF($AF$8:$AF$27,"<"&O19)+1), IF($C$7="Angular", SMALL($AH$8:$AH$27,COUNTIF($AH$8:$AH$27,"<"&O19)+1), IF($C$7="02-Series", SMALL($AC$62:$AC$82,COUNTIF($AC$62:$AC$82,"<"&O19)+1), IF($C$7="03-Series", SMALL($AG$62:$AG$82,COUNTIF($AG$62:$AG$82,"<"&O19)+1), NA())))) -> 7.8 | Q19: =IF($C$7="Deep Groove",VLOOKUP(P19,$AF$8:$AG$27,2,FALSE), IF($C$7="Angular", VLOOKUP(P19,$AH$8:$AI$27,2,FALSE), IF($C$7="02-Series", VLOOKUP(P19,$AC$62:$AD$82,2,FALSE), IF($C$7="03-Series", VLOOKUP(P19,$AG$62:$AH$82,2,FALSE), NA())))) -> 3.55 | Z19: 55 | AA19: 100 | AB19: 21 | AC19: 1.5 | AD19: 63 | AE19: 90 | AF19: 43.6 | AG19: 25 | AH19: 46.2 | AI19: 28.5
H20: 9 | I20: =IF($C$18/Q19 < 0.014, 0.014, $C$18/Q19) -> 0.014 | J20: =$C$18/($C$9*$C$16) -> 0 | K20: =0.506467531924409*(I20)^0.23203728471849 -> 0.18809801 | L20: =IF(J20<=K20,1,0.56) -> 1 | M20: =IF(J20<=K20,0,0.863191147423464*(I20)^(-0.234866270653838)) -> 0 | N20: =L20*$C$9*$C$16 + M20*$C$18 -> 0.792856 | O20: =($C$19*N20)*($C$32/($C$29+($C$30-$C$29)*(LN($C$6^-1))^(1/$C$31)))^(1/$C$11) -> 6.8917988 | P20: =IF($C$7="Deep Groove", SMALL($AF$8:$AF$27,COUNTIF($AF$8:$AF$27,"<"&O20)+1), IF($C$7="Angular", SMALL($AH$8:$AH$27,COUNTIF($AH$8:$AH$27,"<"&O20)+1), IF($C$7="02-Series", SMALL($AC$62:$AC$82,COUNTIF($AC$62:$AC$82,"<"&O20)+1), IF($C$7="03-Series", SMALL($AG$62:$AG$82,COUNTIF($AG$62:$AG$82,"<"&O20)+1), NA())))) -> 7.8 | Q20: =IF($C$7="Deep Groove",VLOOKUP(P20,$AF$8:$AG$27,2,FALSE), IF($C$7="Angular", VLOOKUP(P20,$AH$8:$AI$27,2,FALSE), IF($C$7="02-Series", VLOOKUP(P20,$AC$62:$AD$82,2,FALSE), IF($C$7="03-Series", VLOOKUP(P20,$AG$62:$AH$82,2,FALSE), NA())))) -> 3.55 | Z20: 60 | AA20: 110 | AB20: 22 | AC20: 1.5 | AD20: 70 | AE20: 99 | AF20: 47.5 | AG20: 28 | AH20: 55.9 | AI20: 35.5
B21: Design Cycle Lifetime | H21: 10 | I21: =IF($C$18/Q20 < 0.014, 0.014, $C$18/Q20) -> 0.014 | J21: =$C$18/($C$9*$C$16) -> 0 | K21: =0.506467531924409*(I21)^0.23203728471849 -> 0.18809801 | L21: =IF(J21<=K21,1,0.56) -> 1 | M21: =IF(J21<=K21,0,0.863191147423464*(I21)^(-0.234866270653838)) -> 0 | N21: =L21*$C$9*$C$16 + M21*$C$18 -> 0.792856 | O21: =($C$19*N21)*($C$32/($C$29+($C$30-$C$29)*(LN($C$6^-1))^(1/$C$31)))^(1/$C$11) -> 6.8917988 | P21: =IF($C$7="Deep Groove", SMALL($AF$8:$AF$27,COUNTIF($AF$8:$AF$27,"<"&O21)+1), IF($C$7="Angular", SMALL($AH$8:$AH$27,COUNTIF($AH$8:$AH$27,"<"&O21)+1), IF($C$7="02-Series", SMALL($AC$62:$AC$82,COUNTIF($AC$62:$AC$82,"<"&O21)+1), IF($C$7="03-Series", SMALL($AG$62:$AG$82,COUNTIF($AG$62:$AG$82,"<"&O21)+1), NA())))) -> 7.8 | Q21: =IF($C$7="Deep Groove",VLOOKUP(P21,$AF$8:$AG$27,2,FALSE), IF($C$7="Angular", VLOOKUP(P21,$AH$8:$AI$27,2,FALSE), IF($C$7="02-Series", VLOOKUP(P21,$AC$62:$AD$82,2,FALSE), IF($C$7="03-Series", VLOOKUP(P21,$AG$62:$AH$82,2,FALSE), NA())))) -> 3.55 | Z21: 65 | AA21: 120 | AB21: 23 | AC21: 1.5 | AD21: 74 | AE21: 109 | AF21: 55.9 | AG21: 34 | AH21: 63.7 | AI21: 41.5
B22: Lifetime, ℒD | C22: 4000 | D22: hrs | Z22: 70 | AA22: 125 | AB22: 24 | AC22: 1.5 | AD22: 79 | AE22: 114 | AF22: 61.8 | AG22: 37.5 | AH22: 68.9 | AI22: 45.5
B23: Rotation Speed, n | C23: 450 | D23: rpm | H23: Final Iterated Values | Z23: 75 | AA23: 130 | AB23: 25 | AC23: 1.5 | AD23: 86 | AE23: 119 | AF23: 66.3 | AG23: 40.5 | AH23: 71.5 | AI23: 49
B24: Design Lifetime, LD | C24: =IF(F25,C25,C22*C23*60) -> 108000000 | D24: revs | H24: Iterated C10 | I24: =P21 -> 7.8 | J24: kN | Z24: 80 | AA24: 140 | AB24: 26 | AC24: 2 | AD24: 93 | AE24: 127 | AF24: 70.2 | AG24: 45 | AH24: 80.6 | AI24: 55
C25: 100000000 | D25: revs | E25: Override LD | F25: FALSE | I25: =I24/4.448 -> 1.7535971 | J25: klbf | Z25: 85 | AA25: 150 | AB25: 28 | AC25: 2 | AD25: 99 | AE25: 136 | AF25: 83.2 | AG25: 53 | AH25: 90.4 | AI25: 63
H26: Iterated C0 | I26: =Q21 -> 3.55 | J26: kN | Z26: 90 | AA26: 160 | AB26: 30 | AC26: 2 | AD26: 104 | AE26: 146 | AF26: 95.6 | AG26: 62 | AH26: 106 | AI26: 73.5
B27: Weibull Paramters Automattically Based on Bearing Brand | E27: RD for 90% = | F27: =EXP(-1*((1 - C29) / (C30 - C29))^C31) -> 0.8990379 | I27: =I26/4.448 -> 0.79811151 | J27: klbf | Z27: 95 | AA27: 170 | AB27: 32 | AC27: 2 | AD27: 110 | AE27: 156 | AF27: 108 | AG27: 69.5 | AH27: 121 | AI27: 85
B28: Rating Life, L10 | C28: =IF(F36,C37,VLOOKUP($C$5,$T$6:$X$7,2,FALSE)) -> 1000000 | D28: revs
B29: x0 | C29: =IF(F36,C38,VLOOKUP($C$5,$T$6:$X$7,3,FALSE)) -> 0.02
B30: θ | C30: =IF(F36,C40,VLOOKUP($C$5,$T$6:$X$7,4,FALSE)) -> 4.459
B31: b | C31: =IF(F36,C42,VLOOKUP($C$5,$T$6:$X$7,5,FALSE)) -> 1.483
B32: Nomormalized Lifetime by Design, xD | C32: =IF(F33,C33,C24/C28) -> 108 | D32: revs
D33: revs | E33: Override xD | F33: FALSE
B34: Normalized Lifetime, xB | C34: =C29+(C30-C29)*(LN(C6^-1))^(1/C31) -> 0.28415329 | E34: For RD | F34: =C6 -> 0.98488578
B36: Weibull Parameters | E36: Override Weibull Parameters | F36: FALSE
B37: Rating Life, L10 | C37: =10^6 -> 1000000 | D37: revs
B38: x0 | C38: 0.02
B39: θ - x0 | C39: 4.439
B40: θ | C40: =IF(F41,C41,C39+C38) -> 4.459
D41: revs | E41: Override θ | F41: FALSE
B42: b | C42: 1.483
Z58: Table 11-3
AA59: 02-Series | AE59: 03-Series
Z60: Bore | AA60: OD | AB60: Width | AC60: Load Rating | AE60: OD | AF60: Width | AG60: Load Rating
AC61: C10 | AD61: C0 | AG61: C10 | AH61: C0
Z62: 25 | AA62: 52 | AB62: 15 | AC62: 16.8 | AD62: 8.8 | AE62: 62 | AF62: 17 | AG62: 28.6 | AH62: 15
Z63: 30 | AA63: 62 | AB63: 16 | AC63: 22.4 | AD63: 12 | AE63: 72 | AF63: 19 | AG63: 36.9 | AH63: 20
Z64: 35 | AA64: 72 | AB64: 17 | AC64: 31.9 | AD64: 17.6 | AE64: 80 | AF64: 21 | AG64: 44.6 | AH64: 27.1
Z65: 40 | AA65: 80 | AB65: 18 | AC65: 41.8 | AD65: 24 | AE65: 90 | AF65: 23 | AG65: 56.1 | AH65: 32.5
Z66: 45 | AA66: 85 | AB66: 19 | AC66: 44 | AD66: 25.5 | AE66: 100 | AF66: 25 | AG66: 72.1 | AH66: 45.4
Z67: 50 | AA67: 90 | AB67: 20 | AC67: 45.7 | AD67: 27.5 | AE67: 110 | AF67: 27 | AG67: 88 | AH67: 52
Z68: 55 | AA68: 100 | AB68: 21 | AC68: 56.1 | AD68: 34 | AE68: 120 | AF68: 29 | AG68: 102 | AH68: 67.2
Z69: 60 | AA69: 110 | AB69: 22 | AC69: 64.4 | AD69: 43.1 | AE69: 130 | AF69: 31 | AG69: 123 | AH69: 76.5
Z70: 65 | AA70: 120 | AB70: 23 | AC70: 76.5 | AD70: 51.2 | AE70: 140 | AF70: 33 | AG70: 138 | AH70: 85
Z71: 70 | AA71: 125 | AB71: 24 | AC71: 79.2 | AD71: 51.2 | AE71: 150 | AF71: 35 | AG71: 151 | AH71: 102
Z72: 75 | AA72: 130 | AB72: 25 | AC72: 93.1 | AD72: 69.4 | AE72: 160 | AF72: 37 | AG72: 183 | AH72: 125
Z73: 80 | AA73: 140 | AB73: 26 | AC73: 106 | AD73: 78.3 | AE73: 170 | AF73: 39 | AG73: 190 | AH73: 125
... Z82: 150 | AA82: 270 | AB82: 45 | AC82: 446 | AD82: 320 | AE82: 320 | AF82: 65 | AG82: 781 | AH82: 502

Sheet Shaft Moments Sprdsht Quiz 6 P4
I1: =_xlfn.CONCAT("x"," [",G2,"]") -> x [mm] | J1: =_xlfn.CONCAT("moment about the z-axis"," [*10^3 ", E25,"]") -> moment about the z-axis [*10^3 Nmm] | K1: =_xlfn.CONCAT("moment about the y-axis"," [*10^3 ", E25,"]") -> moment about the y-axis [*10^3 Nmm] | L1: =_xlfn.CONCAT("Net Moment"," [*10^3 ", E25,"]") -> Net Moment [*10^3 Nmm]
C2: Inputs | E2: step size | F2: 1 | G2: =IF($D$4="English","in", "mm") -> mm | I2: 0 | J2: =D$29*($I2/1000)+D$19*(($I2/1000)-($D$8/1000))*(($I2/1000)>($D$8/1000))+D$20*(($I2/1000)-($D$9/1000))*(($I2/1000)>($D$9/1000))+D$21*(($I2/1000)-($D$10/1000))*(($I2/1000)>($D$10/1000))+D$22*(($I2/1000)-($D$11/1000))*(($I2/1000)>($D$11/1000)) -> 0 | K2: =E$29*($I2/1000)+E$19*(($I2/1000)-($D$8/1000))*(($I2/1000)>($D$8/1000))+E$20*(($I2/1000)-($D$9/1000))*(($I2/1000)>($D$9/1000))+E$21*(($I2/1000)-($D$10/1000))*(($I2/1000)>($D$10/1000))+E$22*(($I2/1000)-($D$11/1000))*(($I2/1000)>($D$11/1000)) -> 0 | L2: =SQRT((J2^2)+(K2^2)) -> 0
I3: =IF((ROW(A1)*$F$2)<=$D$5, ROW(A1)*$F$2,NA()) -> 1 | J3: =D$29*($I3/1000)+D$19*(($I3/1000)-($D$8/1000))*(($I3/1000)>($D$8/1000))+D$20*(($I3/1000)-($D$9/1000))*(($I3/1000)>($D$9/1000))+D$21*(($I3/1000)-($D$10/1000))*(($I3/1000)>($D$10/1000))+D$22*(($I3/1000)-($D$11/1000))*(($I3/1000)>($D$11/1000)) -> -3.036 | K3: =E$29*($I3/1000)+E$19*(($I3/1000)-($D$8/1000))*(($I3/1000)>($D$8/1000))+E$20*(($I3/1000)-($D$9/1000))*(($I3/1000)>($D$9/1000))+E$21*(($I3/1000)-($D$10/1000))*(($I3/1000)>($D$10/1000))+E$22*(($I3/1000)-($D$11/1000))*(($I3/1000)>($D$11/1000)) -> 0 | L3: =SQRT((J3^2)+(K3^2)) -> 3.036
C4: Units | D4: Metric | I4: =IF((ROW(A2)*$F$2)<=$D$5, ROW(A2)*$F$2,NA()) -> 2 | J4: =D$29*($I4/1000)+D$19*(($I4/1000)-($D$8/1000))*(($I4/1000)>($D$8/1000))+D$20*(($I4/1000)-($D$9/1000))*(($I4/1000)>($D$9/1000))+D$21*(($I4/1000)-($D$10/1000))*(($I4/1000)>($D$10/1000))+D$22*(($I4/1000)-($D$11/1000))*(($I4/1000)>($D$11/1000)) -> -6.072 | K4: =E$29*($I4/1000)+E$19*(($I4/1000)-($D$8/1000))*(($I4/1000)>($D$8/1000))+E$20*(($I4/1000)-($D$9/1000))*(($I4/1000)>($D$9/1000))+E$21*(($I4/1000)-($D$10/1000))*(($I4/1000)>($D$10/1000))+E$22*(($I4/1000)-($D$11/1000))*(($I4/1000)>($D$11/1000)) -> 0 | L4: =SQRT((J4^2)+(K4^2)) -> 6.072
C5: Shaft Length | D5: =230+280+300 -> 810 | E5: =IF($D$4="English","in", "mm") -> mm | I5: =IF((ROW(A3)*$F$2)<=$D$5, ROW(A3)*$F$2,NA()) -> 3 | J5: =D$29*($I5/1000)+D$19*(($I5/1000)-($D$8/1000))*(($I5/1000)>($D$8/1000))+D$20*(($I5/1000)-($D$9/1000))*(($I5/1000)>($D$9/1000))+D$21*(($I5/1000)-($D$10/1000))*(($I5/1000)>($D$10/1000))+D$22*(($I5/1000)-($D$11/1000))*(($I5/1000)>($D$11/1000)) -> -9.108 | K5: =E$29*($I5/1000)+E$19*(($I5/1000)-($D$8/1000))*(($I5/1000)>($D$8/1000))+E$20*(($I5/1000)-($D$9/1000))*(($I5/1000)>($D$9/1000))+E$21*(($I5/1000)-($D$10/1000))*(($I5/1000)>($D$10/1000))+E$22*(($I5/1000)-($D$11/1000))*(($I5/1000)>($D$11/1000)) -> 0 | L5: =SQRT((J5^2)+(K5^2)) -> 9.108
I6: =IF((ROW(A4)*$F$2)<=$D$5, ROW(A4)*$F$2,NA()) -> 4 | J6: =D$29*($I6/1000)+D$19*(($I6/1000)-($D$8/1000))*(($I6/1000)>($D$8/1000))+D$20*(($I6/1000)-($D$9/1000))*(($I6/1000)>($D$9/1000))+D$21*(($I6/1000)-($D$10/1000))*(($I6/1000)>($D$10/1000))+D$22*(($I6/1000)-($D$11/1000))*(($I6/1000)>($D$11/1000)) -> -12.144 | K6: =E$29*($I6/1000)+E$19*(($I6/1000)-($D$8/1000))*(($I6/1000)>($D$8/1000))+E$20*(($I6/1000)-($D$9/1000))*(($I6/1000)>($D$9/1000))+E$21*(($I6/1000)-($D$10/1000))*(($I6/1000)>($D$10/1000))+E$22*(($I6/1000)-($D$11/1000))*(($I6/1000)>($D$11/1000)) -> 0 | L6: =SQRT((J6^2)+(K6^2)) -> 12.144
C7: Location of forces along axis | I7: =IF((ROW(A5)*$F$2)<=$D$5, ROW(A5)*$F$2,NA()) -> 5 | J7: =D$29*($I7/1000)+D$19*(($I7/1000)-($D$8/1000))*(($I7/1000)>($D$8/1000))+D$20*(($I7/1000)-($D$9/1000))*(($I7/1000)>($D$9/1000))+D$21*(($I7/1000)-($D$10/1000))*(($I7/1000)>($D$10/1000))+D$22*(($I7/1000)-($D$11/1000))*(($I7/1000)>($D$11/1000)) -> -15.18 | K7: =E$29*($I7/1000)+E$19*(($I7/1000)-($D$8/1000))*(($I7/1000)>($D$8/1000))+E$20*(($I7/1000)-($D$9/1000))*(($I7/1000)>($D$9/1000))+E$21*(($I7/1000)-($D$10/1000))*(($I7/1000)>($D$10/1000))+E$22*(($I7/1000)-($D$11/1000))*(($I7/1000)>($D$11/1000)) -> 0 | L7: =SQRT((J7^2)+(K7^2)) -> 15.18
B8: T1 | C8: Force 1 | D8: 230 | E8: =IF($D$4="English","in", "mm") -> mm | I8: =IF((ROW(A6)*$F$2)<=$D$5, ROW(A6)*$F$2,NA()) -> 6 | J8: =D$29*($I8/1000)+D$19*(($I8/1000)-($D$8/1000))*(($I8/1000)>($D$8/1000))+D$20*(($I8/1000)-($D$9/1000))*(($I8/1000)>($D$9/1000))+D$21*(($I8/1000)-($D$10/1000))*(($I8/1000)>($D$10/1000))+D$22*(($I8/1000)-($D$11/1000))*(($I8/1000)>($D$11/1000)) -> -18.216 | K8: =E$29*($I8/1000)+E$19*(($I8/1000)-($D$8/1000))*(($I8/1000)>($D$8/1000))+E$20*(($I8/1000)-($D$9/1000))*(($I8/1000)>($D$9/1000))+E$21*(($I8/1000)-($D$10/1000))*(($I8/1000)>($D$10/1000))+E$22*(($I8/1000)-($D$11/1000))*(($I8/1000)>($D$11/1000)) -> 0 | L8: =SQRT((J8^2)+(K8^2)) -> 18.216
B9: T2 | C9: Force 2 | D9: 230 | E9: =IF($D$4="English","in", "mm") -> mm | I9: =IF((ROW(A7)*$F$2)<=$D$5, ROW(A7)*$F$2,NA()) -> 7 | J9: =D$29*($I9/1000)+D$19*(($I9/1000)-($D$8/1000))*(($I9/1000)>($D$8/1000))+D$20*(($I9/1000)-($D$9/1000))*(($I9/1000)>($D$9/1000))+D$21*(($I9/1000)-($D$10/1000))*(($I9/1000)>($D$10/1000))+D$22*(($I9/1000)-($D$11/1000))*(($I9/1000)>($D$11/1000)) -> -21.252 | K9: =E$29*($I9/1000)+E$19*(($I9/1000)-($D$8/1000))*(($I9/1000)>($D$8/1000))+E$20*(($I9/1000)-($D$9/1000))*(($I9/1000)>($D$9/1000))+E$21*(($I9/1000)-($D$10/1000))*(($I9/1000)>($D$10/1000))+E$22*(($I9/1000)-($D$11/1000))*(($I9/1000)>($D$11/1000)) -> 0 | L9: =SQRT((J9^2)+(K9^2)) -> 21.252
B10: 1800N | C10: Force 3 | D10: =230+280+300 -> 810 | E10: =IF($D$4="English","in", "mm") -> mm | I10: =IF((ROW(A8)*$F$2)<=$D$5, ROW(A8)*$F$2,NA()) -> 8 | J10: =D$29*($I10/1000)+D$19*(($I10/1000)-($D$8/1000))*(($I10/1000)>($D$8/1000))+D$20*(($I10/1000)-($D$9/1000))*(($I10/1000)>($D$9/1000))+D$21*(($I10/1000)-($D$10/1000))*(($I10/1000)>($D$10/1000))+D$22*(($I10/1000)-($D$11/1000))*(($I10/1000)>($D$11/1000)) -> -24.288 | K10: =E$29*($I10/1000)+E$19*(($I10/1000)-($D$8/1000))*(($I10/1000)>($D$8/1000))+E$20*(($I10/1000)-($D$9/1000))*(($I10/1000)>($D$9/1000))+E$21*(($I10/1000)-($D$10/1000))*(($I10/1000)>($D$10/1000))+E$22*(($I10/1000)-($D$11/1000))*(($I10/1000)>($D$11/1000)) -> 0 | L10: =SQRT((J10^2)+(K10^2)) -> 24.288
B11: 270N | C11: Force 4 | D11: =230+280+300 -> 810 | E11: =IF($D$4="English","in", "mm") -> mm | I11: =IF((ROW(A9)*$F$2)<=$D$5, ROW(A9)*$F$2,NA()) -> 9 | J11: =D$29*($I11/1000)+D$19*(($I11/1000)-($D$8/1000))*(($I11/1000)>($D$8/1000))+D$20*(($I11/1000)-($D$9/1000))*(($I11/1000)>($D$9/1000))+D$21*(($I11/1000)-($D$10/1000))*(($I11/1000)>($D$10/1000))+D$22*(($I11/1000)-($D$11/1000))*(($I11/1000)>($D$11/1000)) -> -27.324 | K11: =E$29*($I11/1000)+E$19*(($I11/1000)-($D$8/1000))*(($I11/1000)>($D$8/1000))+E$20*(($I11/1000)-($D$9/1000))*(($I11/1000)>($D$9/1000))+E$21*(($I11/1000)-($D$10/1000))*(($I11/1000)>($D$10/1000))+E$22*(($I11/1000)-($D$11/1000))*(($I11/1000)>($D$11/1000)) -> 0 | L11: =SQRT((J11^2)+(K11^2)) -> 27.324
C12: Reaction C | D12: =230+280 -> 510 | E12: =IF($D$4="English","in", "mm") -> mm | I12: =IF((ROW(A10)*$F$2)<=$D$5, ROW(A10)*$F$2,NA()) -> 10 | J12: =D$29*($I12/1000)+D$19*(($I12/1000)-($D$8/1000))*(($I12/1000)>($D$8/1000))+D$20*(($I12/1000)-($D$9/1000))*(($I12/1000)>($D$9/1000))+D$21*(($I12/1000)-($D$10/1000))*(($I12/1000)>($D$10/1000))+D$22*(($I12/1000)-($D$11/1000))*(($I12/1000)>($D$11/1000)) -> -30.36 | K12: =E$29*($I12/1000)+E$19*(($I12/1000)-($D$8/1000))*(($I12/1000)>($D$8/1000))+E$20*(($I12/1000)-($D$9/1000))*(($I12/1000)>($D$9/1000))+E$21*(($I12/1000)-($D$10/1000))*(($I12/1000)>($D$10/1000))+E$22*(($I12/1000)-($D$11/1000))*(($I12/1000)>($D$11/1000)) -> 0 | L12: =SQRT((J12^2)+(K12^2)) -> 30.36
I13: =IF((ROW(A11)*$F$2)<=$D$5, ROW(A11)*$F$2,NA()) -> 11 | J13: =D$29*($I13/1000)+D$19*(($I13/1000)-($D$8/1000))*(($I13/1000)>($D$8/1000))+D$20*(($I13/1000)-($D$9/1000))*(($I13/1000)>($D$9/1000))+D$21*(($I13/1000)-($D$10/1000))*(($I13/1000)>($D$10/1000))+D$22*(($I13/1000)-($D$11/1000))*(($I13/1000)>($D$11/1000)) -> -33.396 | K13: =E$29*($I13/1000)+E$19*(($I13/1000)-($D$8/1000))*(($I13/1000)>($D$8/1000))+E$20*(($I13/1000)-($D$9/1000))*(($I13/1000)>($D$9/1000))+E$21*(($I13/1000)-($D$10/1000))*(($I13/1000)>($D$10/1000))+E$22*(($I13/1000)-($D$11/1000))*(($I13/1000)>($D$11/1000)) -> 0 | L13: =SQRT((J13^2)+(K13^2)) -> 33.396
C14: Gear Diameters | I14: =IF((ROW(A12)*$F$2)<=$D$5, ROW(A12)*$F$2,NA()) -> 12 | J14: =D$29*($I14/1000)+D$19*(($I14/1000)-($D$8/1000))*(($I14/1000)>($D$8/1000))+D$20*(($I14/1000)-($D$9/1000))*(($I14/1000)>($D$9/1000))+D$21*(($I14/1000)-($D$10/1000))*(($I14/1000)>($D$10/1000))+D$22*(($I14/1000)-($D$11/1000))*(($I14/1000)>($D$11/1000)) -> -36.432 | K14: =E$29*($I14/1000)+E$19*(($I14/1000)-($D$8/1000))*(($I14/1000)>($D$8/1000))+E$20*(($I14/1000)-($D$9/1000))*(($I14/1000)>($D$9/1000))+E$21*(($I14/1000)-($D$10/1000))*(($I14/1000)>($D$10/1000))+E$22*(($I14/1000)-($D$11/1000))*(($I14/1000)>($D$11/1000)) -> 0 | L14: =SQRT((J14^2)+(K14^2)) -> 36.432
B15: B | C15: Gear B | D15: 250 | E15: =IF($D$4="English","in", "mm") -> mm | I15: =IF((ROW(A13)*$F$2)<=$D$5, ROW(A13)*$F$2,NA()) -> 13 | J15: =D$29*($I15/1000)+D$19*(($I15/1000)-($D$8/1000))*(($I15/1000)>($D$8/1000))+D$20*(($I15/1000)-($D$9/1000))*(($I15/1000)>($D$9/1000))+D$21*(($I15/1000)-($D$10/1000))*(($I15/1000)>($D$10/1000))+D$22*(($I15/1000)-($D$11/1000))*(($I15/1000)>($D$11/1000)) -> -39.468 | K15: =E$29*($I15/1000)+E$19*(($I15/1000)-($D$8/1000))*(($I15/1000)>($D$8/1000))+E$20*(($I15/1000)-($D$9/1000))*(($I15/1000)>($D$9/1000))+E$21*(($I15/1000)-($D$10/1000))*(($I15/1000)>($D$10/1000))+E$22*(($I15/1000)-($D$11/1000))*(($I15/1000)>($D$11/1000)) -> 0 | L15: =SQRT((J15^2)+(K15^2)) -> 39.468
B16: A | C16: Gear A | D16: 400 | E16: =IF($D$4="English","in", "mm") -> mm | I16: =IF((ROW(A14)*$F$2)<=$D$5, ROW(A14)*$F$2,NA()) -> 14 | J16: =D$29*($I16/1000)+D$19*(($I16/1000)-($D$8/1000))*(($I16/1000)>($D$8/1000))+D$20*(($I16/1000)-($D$9/1000))*(($I16/1000)>($D$9/1000))+D$21*(($I16/1000)-($D$10/1000))*(($I16/1000)>($D$10/1000))+D$22*(($I16/1000)-($D$11/1000))*(($I16/1000)>($D$11/1000)) -> -42.504 | K16: =E$29*($I16/1000)+E$19*(($I16/1000)-($D$8/1000))*(($I16/1000)>($D$8/1000))+E$20*(($I16/1000)-($D$9/1000))*(($I16/1000)>($D$9/1000))+E$21*(($I16/1000)-($D$10/1000))*(($I16/1000)>($D$10/1000))+E$22*(($I16/1000)-($D$11/1000))*(($I16/1000)>($D$11/1000)) -> 0 | L16: =SQRT((J16^2)+(K16^2)) -> 42.504
I17: =IF((ROW(A15)*$F$2)<=$D$5, ROW(A15)*$F$2,NA()) -> 15 | J17: =D$29*($I17/1000)+D$19*(($I17/1000)-($D$8/1000))*(($I17/1000)>($D$8/1000))+D$20*(($I17/1000)-($D$9/1000))*(($I17/1000)>($D$9/1000))+D$21*(($I17/1000)-($D$10/1000))*(($I17/1000)>($D$10/1000))+D$22*(($I17/1000)-($D$11/1000))*(($I17/1000)>($D$11/1000)) -> -45.54 | K17: =E$29*($I17/1000)+E$19*(($I17/1000)-($D$8/1000))*(($I17/1000)>($D$8/1000))+E$20*(($I17/1000)-($D$9/1000))*(($I17/1000)>($D$9/1000))+E$21*(($I17/1000)-($D$10/1000))*(($I17/1000)>($D$10/1000))+E$22*(($I17/1000)-($D$11/1000))*(($I17/1000)>($D$11/1000)) -> 0 | L17: =SQRT((J17^2)+(K17^2)) -> 45.54
C18: Magnitude of the Forces | D18: y-direction | E18: z-direction | F18: Magnitude | I18: =IF((ROW(A16)*$F$2)<=$D$5, ROW(A16)*$F$2,NA()) -> 16 | J18: =D$29*($I18/1000)+D$19*(($I18/1000)-($D$8/1000))*(($I18/1000)>($D$8/1000))+D$20*(($I18/1000)-($D$9/1000))*(($I18/1000)>($D$9/1000))+D$21*(($I18/1000)-($D$10/1000))*(($I18/1000)>($D$10/1000))+D$22*(($I18/1000)-($D$11/1000))*(($I18/1000)>($D$11/1000)) -> -48.576 | K18: =E$29*($I18/1000)+E$19*(($I18/1000)-($D$8/1000))*(($I18/1000)>($D$8/1000))+E$20*(($I18/1000)-($D$9/1000))*(($I18/1000)>($D$9/1000))+E$21*(($I18/1000)-($D$10/1000))*(($I18/1000)>($D$10/1000))+E$22*(($I18/1000)-($D$11/1000))*(($I18/1000)>($D$11/1000)) -> 0 | L18: =SQRT((J18^2)+(K18^2)) -> 48.576
B19: T1 | C19: Force 1 | D19: =D25/((D15/2)*(0.15-1)) -> 2880 | G19: =IF($D$4="English","lbf", "N") -> N | I19: =IF((ROW(A17)*$F$2)<=$D$5, ROW(A17)*$F$2,NA()) -> 17 | J19: =D$29*($I19/1000)+D$19*(($I19/1000)-($D$8/1000))*(($I19/1000)>($D$8/1000))+D$20*(($I19/1000)-($D$9/1000))*(($I19/1000)>($D$9/1000))+D$21*(($I19/1000)-($D$10/1000))*(($I19/1000)>($D$10/1000))+D$22*(($I19/1000)-($D$11/1000))*(($I19/1000)>($D$11/1000)) -> -51.612 | K19: =E$29*($I19/1000)+E$19*(($I19/1000)-($D$8/1000))*(($I19/1000)>($D$8/1000))+E$20*(($I19/1000)-($D$9/1000))*(($I19/1000)>($D$9/1000))+E$21*(($I19/1000)-($D$10/1000))*(($I19/1000)>($D$10/1000))+E$22*(($I19/1000)-($D$11/1000))*(($I19/1000)>($D$11/1000)) -> 0 | L19: =SQRT((J19^2)+(K19^2)) -> 51.612
B20: T2 | C20: Force 2 | D20: =0.15*D19 -> 432 | G20: =IF($D$4="English","lbf", "N") -> N | I20: =IF((ROW(A18)*$F$2)<=$D$5, ROW(A18)*$F$2,NA()) -> 18 | J20: =D$29*($I20/1000)+D$19*(($I20/1000)-($D$8/1000))*(($I20/1000)>($D$8/1000))+D$20*(($I20/1000)-($D$9/1000))*(($I20/1000)>($D$9/1000))+D$21*(($I20/1000)-($D$10/1000))*(($I20/1000)>($D$10/1000))+D$22*(($I20/1000)-($D$11/1000))*(($I20/1000)>($D$11/1000)) -> -54.648 | K20: =E$29*($I20/1000)+E$19*(($I20/1000)-($D$8/1000))*(($I20/1000)>($D$8/1000))+E$20*(($I20/1000)-($D$9/1000))*(($I20/1000)>($D$9/1000))+E$21*(($I20/1000)-($D$10/1000))*(($I20/1000)>($D$10/1000))+E$22*(($I20/1000)-($D$11/1000))*(($I20/1000)>($D$11/1000)) -> 0 | L20: =SQRT((J20^2)+(K20^2)) -> 54.648
B21: 1800N | C21: Force 3 | D21: =-1800 -> -1800 | G21: =IF($D$4="English","lbf", "N") -> N | I21: =IF((ROW(A19)*$F$2)<=$D$5, ROW(A19)*$F$2,NA()) -> 19 | J21: =D$29*($I21/1000)+D$19*(($I21/1000)-($D$8/1000))*(($I21/1000)>($D$8/1000))+D$20*(($I21/1000)-($D$9/1000))*(($I21/1000)>($D$9/1000))+D$21*(($I21/1000)-($D$10/1000))*(($I21/1000)>($D$10/1000))+D$22*(($I21/1000)-($D$11/1000))*(($I21/1000)>($D$11/1000)) -> -57.684 | K21: =E$29*($I21/1000)+E$19*(($I21/1000)-($D$8/1000))*(($I21/1000)>($D$8/1000))+E$20*(($I21/1000)-($D$9/1000))*(($I21/1000)>($D$9/1000))+E$21*(($I21/1000)-($D$10/1000))*(($I21/1000)>($D$10/1000))+E$22*(($I21/1000)-($D$11/1000))*(($I21/1000)>($D$11/1000)) -> 0 | L21: =SQRT((J21^2)+(K21^2)) -> 57.684
B22: 270N | C22: Force 4 | D22: -270 | G22: =IF($D$4="English","lbf", "N") -> N | I22: =IF((ROW(A20)*$F$2)<=$D$5, ROW(A20)*$F$2,NA()) -> 20 | J22: =D$29*($I22/1000)+D$19*(($I22/1000)-($D$8/1000))*(($I22/1000)>($D$8/1000))+D$20*(($I22/1000)-($D$9/1000))*(($I22/1000)>($D$9/1000))+D$21*(($I22/1000)-($D$10/1000))*(($I22/1000)>($D$10/1000))+D$22*(($I22/1000)-($D$11/1000))*(($I22/1000)>($D$11/1000)) -> -60.72 | K22: =E$29*($I22/1000)+E$19*(($I22/1000)-($D$8/1000))*(($I22/1000)>($D$8/1000))+E$20*(($I22/1000)-($D$9/1000))*(($I22/1000)>($D$9/1000))+E$21*(($I22/1000)-($D$10/1000))*(($I22/1000)>($D$10/1000))+E$22*(($I22/1000)-($D$11/1000))*(($I22/1000)>($D$11/1000)) -> 0 | L22: =SQRT((J22^2)+(K22^2)) -> 60.72
I23: =IF((ROW(A21)*$F$2)<=$D$5, ROW(A21)*$F$2,NA()) -> 21 | J23: =D$29*($I23/1000)+D$19*(($I23/1000)-($D$8/1000))*(($I23/1000)>($D$8/1000))+D$20*(($I23/1000)-($D$9/1000))*(($I23/1000)>($D$9/1000))+D$21*(($I23/1000)-($D$10/1000))*(($I23/1000)>($D$10/1000))+D$22*(($I23/1000)-($D$11/1000))*(($I23/1000)>($D$11/1000)) -> -63.756 | K23: =E$29*($I23/1000)+E$19*(($I23/1000)-($D$8/1000))*(($I23/1000)>($D$8/1000))+E$20*(($I23/1000)-($D$9/1000))*(($I23/1000)>($D$9/1000))+E$21*(($I23/1000)-($D$10/1000))*(($I23/1000)>($D$10/1000))+E$22*(($I23/1000)-($D$11/1000))*(($I23/1000)>($D$11/1000)) -> 0 | L23: =SQRT((J23^2)+(K23^2)) -> 63.756
C24: Torques | D24: x-direction | I24: =IF((ROW(A22)*$F$2)<=$D$5, ROW(A22)*$F$2,NA()) -> 22 | J24: =D$29*($I24/1000)+D$19*(($I24/1000)-($D$8/1000))*(($I24/1000)>($D$8/1000))+D$20*(($I24/1000)-($D$9/1000))*(($I24/1000)>($D$9/1000))+D$21*(($I24/1000)-($D$10/1000))*(($I24/1000)>($D$10/1000))+D$22*(($I24/1000)-($D$11/1000))*(($I24/1000)>($D$11/1000)) -> -66.792 | K24: =E$29*($I24/1000)+E$19*(($I24/1000)-($D$8/1000))*(($I24/1000)>($D$8/1000))+E$20*(($I24/1000)-($D$9/1000))*(($I24/1000)>($D$9/1000))+E$21*(($I24/1000)-($D$10/1000))*(($I24/1000)>($D$10/1000))+E$22*(($I24/1000)-($D$11/1000))*(($I24/1000)>($D$11/1000)) -> 0 | L24: =SQRT((J24^2)+(K24^2)) -> 66.792
C25: Torque 1,2 | D25: =-D26 -> -306000 | E25: =IF($D$4="English","in-lbf", "Nmm") -> Nmm | I25: =IF((ROW(A23)*$F$2)<=$D$5, ROW(A23)*$F$2,NA()) -> 23 | J25: =D$29*($I25/1000)+D$19*(($I25/1000)-($D$8/1000))*(($I25/1000)>($D$8/1000))+D$20*(($I25/1000)-($D$9/1000))*(($I25/1000)>($D$9/1000))+D$21*(($I25/1000)-($D$10/1000))*(($I25/1000)>($D$10/1000))+D$22*(($I25/1000)-($D$11/1000))*(($I25/1000)>($D$11/1000)) -> -69.828 | K25: =E$29*($I25/1000)+E$19*(($I25/1000)-($D$8/1000))*(($I25/1000)>($D$8/1000))+E$20*(($I25/1000)-($D$9/1000))*(($I25/1000)>($D$9/1000))+E$21*(($I25/1000)-($D$10/1000))*(($I25/1000)>($D$10/1000))+E$22*(($I25/1000)-($D$11/1000))*(($I25/1000)>($D$11/1000)) -> 0 | L25: =SQRT((J25^2)+(K25^2)) -> 69.828
C26: Torque 3,4 | D26: =ABS(D21)*(D16/2)-ABS(D22)*(D16/2) -> 306000 | E26: =IF($D$4="English","in-lbf", "Nmm") -> Nmm | I26: =IF((ROW(A24)*$F$2)<=$D$5, ROW(A24)*$F$2,NA()) -> 24 | J26: =D$29*($I26/1000)+D$19*(($I26/1000)-($D$8/1000))*(($I26/1000)>($D$8/1000))+D$20*(($I26/1000)-($D$9/1000))*(($I26/1000)>($D$9/1000))+D$21*(($I26/1000)-($D$10/1000))*(($I26/1000)>($D$10/1000))+D$22*(($I26/1000)-($D$11/1000))*(($I26/1000)>($D$11/1000)) -> -72.864 | K26: =E$29*($I26/1000)+E$19*(($I26/1000)-($D$8/1000))*(($I26/1000)>($D$8/1000))+E$20*(($I26/1000)-($D$9/1000))*(($I26/1000)>($D$9/1000))+E$21*(($I26/1000)-($D$10/1000))*(($I26/1000)>($D$10/1000))+E$22*(($I26/1000)-($D$11/1000))*(($I26/1000)>($D$11/1000)) -> 0 | L26: =SQRT((J26^2)+(K26^2)) -> 72.864
I27: =IF((ROW(A25)*$F$2)<=$D$5, ROW(A25)*$F$2,NA()) -> 25 | J27: =D$29*($I27/1000)+D$19*(($I27/1000)-($D$8/1000))*(($I27/1000)>($D$8/1000))+D$20*(($I27/1000)-($D$9/1000))*(($I27/1000)>($D$9/1000))+D$21*(($I27/1000)-($D$10/1000))*(($I27/1000)>($D$10/1000))+D$22*(($I27/1000)-($D$11/1000))*(($I27/1000)>($D$11/1000)) -> -75.9 | K27: =E$29*($I27/1000)+E$19*(($I27/1000)-($D$8/1000))*(($I27/1000)>($D$8/1000))+E$20*(($I27/1000)-($D$9/1000))*(($I27/1000)>($D$9/1000))+E$21*(($I27/1000)-($D$10/1000))*(($I27/1000)>($D$10/1000))+E$22*(($I27/1000)-($D$11/1000))*(($I27/1000)>($D$11/1000)) -> 0 | L27: =SQRT((J27^2)+(K27^2)) -> 75.9
C28: Reactions | D28: y-direction | E28: z-direction | G28: Net radial load | I28: =IF((ROW(A26)*$F$2)<=$D$5, ROW(A26)*$F$2,NA()) -> 26 | J28: =D$29*($I28/1000)+D$19*(($I28/1000)-($D$8/1000))*(($I28/1000)>($D$8/1000))+D$20*(($I28/1000)-($D$9/1000))*(($I28/1000)>($D$9/1000))+D$21*(($I28/1000)-($D$10/1000))*(($I28/1000)>($D$10/1000))+D$22*(($I28/1000)-($D$11/1000))*(($I28/1000)>($D$11/1000)) -> -78.936 | K28: =E$29*($I28/1000)+E$19*(($I28/1000)-($D$8/1000))*(($I28/1000)>($D$8/1000))+E$20*(($I28/1000)-($D$9/1000))*(($I28/1000)>($D$9/1000))+E$21*(($I28/1000)-($D$10/1000))*(($I28/1000)>($D$10/1000))+E$22*(($I28/1000)-($D$11/1000))*(($I28/1000)>($D$11/1000)) -> 0 | L28: =SQRT((J28^2)+(K28^2)) -> 78.936
B29: O | C29: Reaction at left bearing | D29: =-(D19+D20+D21+D22+D30) -> -3036 | E29: =-(E19+E20+E21+E22+E30) -> 0 | F29: =IF($D$4="English","lbf", "N") -> N | G29: {=SQRT(SUM(D29:E29^2))} -> 3036 | H29: =IF($D$4="English","lbf", "N") -> N | I29: =IF((ROW(A27)*$F$2)<=$D$5, ROW(A27)*$F$2,NA()) -> 27 | J29: =D$29*($I29/1000)+D$19*(($I29/1000)-($D$8/1000))*(($I29/1000)>($D$8/1000))+D$20*(($I29/1000)-($D$9/1000))*(($I29/1000)>($D$9/1000))+D$21*(($I29/1000)-($D$10/1000))*(($I29/1000)>($D$10/1000))+D$22*(($I29/1000)-($D$11/1000))*(($I29/1000)>($D$11/1000)) -> -81.972 | K29: =E$29*($I29/1000)+E$19*(($I29/1000)-($D$8/1000))*(($I29/1000)>($D$8/1000))+E$20*(($I29/1000)-($D$9/1000))*(($I29/1000)>($D$9/1000))+E$21*(($I29/1000)-($D$10/1000))*(($I29/1000)>($D$10/1000))+E$22*(($I29/1000)-($D$11/1000))*(($I29/1000)>($D$11/1000)) -> 0 | L29: =SQRT((J29^2)+(K29^2)) -> 81.972
B30: C | C30: Reaction at C | D30: =(D19*($D8)+D20*($D9)+D21*($D10)+D22*($D11))/-$D12 -> 1794 | E30: =(E19*($D8)+E20*($D9)+E21*($D10)+E22*($D11))/-$D12 -> 0 | F30: =IF($D$4="English","lbf", "N") -> N | G30: {=SQRT(SUM(D30:E30^2))} -> 1794 | H30: =IF($D$4="English","lbf", "N") -> N | I30: =IF((ROW(A28)*$F$2)<=$D$5, ROW(A28)*$F$2,NA()) -> 28 | J30: =D$29*($I30/1000)+D$19*(($I30/1000)-($D$8/1000))*(($I30/1000)>($D$8/1000))+D$20*(($I30/1000)-($D$9/1000))*(($I30/1000)>($D$9/1000))+D$21*(($I30/1000)-($D$10/1000))*(($I30/1000)>($D$10/1000))+D$22*(($I30/1000)-($D$11/1000))*(($I30/1000)>($D$11/1000)) -> -85.008 | K30: =E$29*($I30/1000)+E$19*(($I30/1000)-($D$8/1000))*(($I30/1000)>($D$8/1000))+E$20*(($I30/1000)-($D$9/1000))*(($I30/1000)>($D$9/1000))+E$21*(($I30/1000)-($D$10/1000))*(($I30/1000)>($D$10/1000))+E$22*(($I30/1000)-($D$11/1000))*(($I30/1000)>($D$11/1000)) -> 0 | L30: =SQRT((J30^2)+(K30^2)) -> 85.008
I31: =IF((ROW(A29)*$F$2)<=$D$5, ROW(A29)*$F$2,NA()) -> 29 | J31: =D$29*($I31/1000)+D$19*(($I31/1000)-($D$8/1000))*(($I31/1000)>($D$8/1000))+D$20*(($I31/1000)-($D$9/1000))*(($I31/1000)>($D$9/1000))+D$21*(($I31/1000)-($D$10/1000))*(($I31/1000)>($D$10/1000))+D$22*(($I31/1000)-($D$11/1000))*(($I31/1000)>($D$11/1000)) -> -88.044 | K31: =E$29*($I31/1000)+E$19*(($I31/1000)-($D$8/1000))*(($I31/1000)>($D$8/1000))+E$20*(($I31/1000)-($D$9/1000))*(($I31/1000)>($D$9/1000))+E$21*(($I31/1000)-($D$10/1000))*(($I31/1000)>($D$10/1000))+E$22*(($I31/1000)-($D$11/1000))*(($I31/1000)>($D$11/1000)) -> 0 | L31: =SQRT((J31^2)+(K31^2)) -> 88.044
C32: helical gear at an angle of ψ degrees | I32: =IF((ROW(A30)*$F$2)<=$D$5, ROW(A30)*$F$2,NA()) -> 30 | J32: =D$29*($I32/1000)+D$19*(($I32/1000)-($D$8/1000))*(($I32/1000)>($D$8/1000))+D$20*(($I32/1000)-($D$9/1000))*(($I32/1000)>($D$9/1000))+D$21*(($I32/1000)-($D$10/1000))*(($I32/1000)>($D$10/1000))+D$22*(($I32/1000)-($D$11/1000))*(($I32/1000)>($D$11/1000)) -> -91.08 | K32: =E$29*($I32/1000)+E$19*(($I32/1000)-($D$8/1000))*(($I32/1000)>($D$8/1000))+E$20*(($I32/1000)-($D$9/1000))*(($I32/1000)>($D$9/1000))+E$21*(($I32/1000)-($D$10/1000))*(($I32/1000)>($D$10/1000))+E$22*(($I32/1000)-($D$11/1000))*(($I32/1000)>($D$11/1000)) -> 0 | L32: =SQRT((J32^2)+(K32^2)) -> 91.08
C33: ψ | D33: 30 | E33: degrees | I33: =IF((ROW(A31)*$F$2)<=$D$5, ROW(A31)*$F$2,NA()) -> 31 | J33: =D$29*($I33/1000)+D$19*(($I33/1000)-($D$8/1000))*(($I33/1000)>($D$8/1000))+D$20*(($I33/1000)-($D$9/1000))*(($I33/1000)>($D$9/1000))+D$21*(($I33/1000)-($D$10/1000))*(($I33/1000)>($D$10/1000))+D$22*(($I33/1000)-($D$11/1000))*(($I33/1000)>($D$11/1000)) -> -94.116 | K33: =E$29*($I33/1000)+E$19*(($I33/1000)-($D$8/1000))*(($I33/1000)>($D$8/1000))+E$20*(($I33/1000)-($D$9/1000))*(($I33/1000)>($D$9/1000))+E$21*(($I33/1000)-($D$10/1000))*(($I33/1000)>($D$10/1000))+E$22*(($I33/1000)-($D$11/1000))*(($I33/1000)>($D$11/1000)) -> 0 | L33: =SQRT((J33^2)+(K33^2)) -> 94.116
C34: Fa | D34: =E19*TAN(RADIANS($D$33)) -> 0 | E34: =IF($D$4="English","lbf", "N") -> N | I34: =IF((ROW(A32)*$F$2)<=$D$5, ROW(A32)*$F$2,NA()) -> 32 | J34: =D$29*($I34/1000)+D$19*(($I34/1000)-($D$8/1000))*(($I34/1000)>($D$8/1000))+D$20*(($I34/1000)-($D$9/1000))*(($I34/1000)>($D$9/1000))+D$21*(($I34/1000)-($D$10/1000))*(($I34/1000)>($D$10/1000))+D$22*(($I34/1000)-($D$11/1000))*(($I34/1000)>($D$11/1000)) -> -97.152 | K34: =E$29*($I34/1000)+E$19*(($I34/1000)-($D$8/1000))*(($I34/1000)>($D$8/1000))+E$20*(($I34/1000)-($D$9/1000))*(($I34/1000)>($D$9/1000))+E$21*(($I34/1000)-($D$10/1000))*(($I34/1000)>($D$10/1000))+E$22*(($I34/1000)-($D$11/1000))*(($I34/1000)>($D$11/1000)) -> 0 | L34: =SQRT((J34^2)+(K34^2)) -> 97.152
C35: Fa | D35: =E20*TAN(RADIANS($D$33)) -> 0 | E35: =IF($D$4="English","lbf", "N") -> N | I35: =IF((ROW(A33)*$F$2)<=$D$5, ROW(A33)*$F$2,NA()) -> 33 | J35: =D$29*($I35/1000)+D$19*(($I35/1000)-($D$8/1000))*(($I35/1000)>($D$8/1000))+D$20*(($I35/1000)-($D$9/1000))*(($I35/1000)>($D$9/1000))+D$21*(($I35/1000)-($D$10/1000))*(($I35/1000)>($D$10/1000))+D$22*(($I35/1000)-($D$11/1000))*(($I35/1000)>($D$11/1000)) -> -100.188 | K35: =E$29*($I35/1000)+E$19*(($I35/1000)-($D$8/1000))*(($I35/1000)>($D$8/1000))+E$20*(($I35/1000)-($D$9/1000))*(($I35/1000)>($D$9/1000))+E$21*(($I35/1000)-($D$10/1000))*(($I35/1000)>($D$10/1000))+E$22*(($I35/1000)-($D$11/1000))*(($I35/1000)>($D$11/1000)) -> 0 | L35: =SQRT((J35^2)+(K35^2)) -> 100.188
C36: Net axial Load | D36: =-D34+D35 -> 0 | E36: =IF($D$4="English","lbf", "N") -> N | I36: =IF((ROW(A34)*$F$2)<=$D$5, ROW(A34)*$F$2,NA()) -> 34 | J36: =D$29*($I36/1000)+D$19*(($I36/1000)-($D$8/1000))*(($I36/1000)>($D$8/1000))+D$20*(($I36/1000)-($D$9/1000))*(($I36/1000)>($D$9/1000))+D$21*(($I36/1000)-($D$10/1000))*(($I36/1000)>($D$10/1000))+D$22*(($I36/1000)-($D$11/1000))*(($I36/1000)>($D$11/1000)) -> -103.224 | K36: =E$29*($I36/1000)+E$19*(($I36/1000)-($D$8/1000))*(($I36/1000)>($D$8/1000))+E$20*(($I36/1000)-($D$9/1000))*(($I36/1000)>($D$9/1000))+E$21*(($I36/1000)-($D$10/1000))*(($I36/1000)>($D$10/1000))+E$22*(($I36/1000)-($D$11/1000))*(($I36/1000)>($D$11/1000)) -> 0 | L36: =SQRT((J36^2)+(K36^2)) -> 103.224
I37: =IF((ROW(A35)*$F$2)<=$D$5, ROW(A35)*$F$2,NA()) -> 35 | J37: =D$29*($I37/1000)+D$19*(($I37/1000)-($D$8/1000))*(($I37/1000)>($D$8/1000))+D$20*(($I37/1000)-($D$9/1000))*(($I37/1000)>($D$9/1000))+D$21*(($I37/1000)-($D$10/1000))*(($I37/1000)>($D$10/1000))+D$22*(($I37/1000)-($D$11/1000))*(($I37/1000)>($D$11/1000)) -> -106.26 | K37: =E$29*($I37/1000)+E$19*(($I37/1000)-($D$8/1000))*(($I37/1000)>($D$8/1000))+E$20*(($I37/1000)-($D$9/1000))*(($I37/1000)>($D$9/1000))+E$21*(($I37/1000)-($D$10/1000))*(($I37/1000)>($D$10/1000))+E$22*(($I37/1000)-($D$11/1000))*(($I37/1000)>($D$11/1000)) -> 0 | L37: =SQRT((J37^2)+(K37^2)) -> 106.26
C38: Max moment | D38: =_xlfn.AGGREGATE(4, 6, L:L) -> 698.28 | E38: =IF($D$4="English","*10^3 in-lbf", "*10^3 Nmm") -> *10^3 Nmm | I38: =IF((ROW(A36)*$F$2)<=$D$5, ROW(A36)*$F$2,NA()) -> 36 | J38: =D$29*($I38/1000)+D$19*(($I38/1000)-($D$8/1000))*(($I38/1000)>($D$8/1000))+D$20*(($I38/1000)-($D$9/1000))*(($I38/1000)>($D$9/1000))+D$21*(($I38/1000)-($D$10/1000))*(($I38/1000)>($D$10/1000))+D$22*(($I38/1000)-($D$11/1000))*(($I38/1000)>($D$11/1000)) -> -109.296 | K38: =E$29*($I38/1000)+E$19*(($I38/1000)-($D$8/1000))*(($I38/1000)>($D$8/1000))+E$20*(($I38/1000)-($D$9/1000))*(($I38/1000)>($D$9/1000))+E$21*(($I38/1000)-($D$10/1000))*(($I38/1000)>($D$10/1000))+E$22*(($I38/1000)-($D$11/1000))*(($I38/1000)>($D$11/1000)) -> 0 | L38: =SQRT((J38^2)+(K38^2)) -> 109.296
C39: location | D39: =INDEX(I:I,MATCH(D38,L:L,0)) -> 230 | E39: =IF($D$4="English","in", "mm") -> mm | I39: =IF((ROW(A37)*$F$2)<=$D$5, ROW(A37)*$F$2,NA()) -> 37 | J39: =D$29*($I39/1000)+D$19*(($I39/1000)-($D$8/1000))*(($I39/1000)>($D$8/1000))+D$20*(($I39/1000)-($D$9/1000))*(($I39/1000)>($D$9/1000))+D$21*(($I39/1000)-($D$10/1000))*(($I39/1000)>($D$10/1000))+D$22*(($I39/1000)-($D$11/1000))*(($I39/1000)>($D$11/1000)) -> -112.332 | K39: =E$29*($I39/1000)+E$19*(($I39/1000)-($D$8/1000))*(($I39/1000)>($D$8/1000))+E$20*(($I39/1000)-($D$9/1000))*(($I39/1000)>($D$9/1000))+E$21*(($I39/1000)-($D$10/1000))*(($I39/1000)>($D$10/1000))+E$22*(($I39/1000)-($D$11/1000))*(($I39/1000)>($D$11/1000)) -> 0 | L39: =SQRT((J39^2)+(K39^2)) -> 112.332
I40: =IF((ROW(A38)*$F$2)<=$D$5, ROW(A38)*$F$2,NA()) -> 38 | J40: =D$29*($I40/1000)+D$19*(($I40/1000)-($D$8/1000))*(($I40/1000)>($D$8/1000))+D$20*(($I40/1000)-($D$9/1000))*(($I40/1000)>($D$9/1000))+D$21*(($I40/1000)-($D$10/1000))*(($I40/1000)>($D$10/1000))+D$22*(($I40/1000)-($D$11/1000))*(($I40/1000)>($D$11/1000)) -> -115.368 | K40: =E$29*($I40/1000)+E$19*(($I40/1000)-($D$8/1000))*(($I40/1000)>($D$8/1000))+E$20*(($I40/1000)-($D$9/1000))*(($I40/1000)>($D$9/1000))+E$21*(($I40/1000)-($D$10/1000))*(($I40/1000)>($D$10/1000))+E$22*(($I40/1000)-($D$11/1000))*(($I40/1000)>($D$11/1000)) -> 0 | L40: =SQRT((J40^2)+(K40^2)) -> 115.368
C41: OA shoulder location | D41: 230 | E41: =IF($D$4="English","in", "mm") -> mm | I41: =IF((ROW(A39)*$F$2)<=$D$5, ROW(A39)*$F$2,NA()) -> 39 | J41: =D$29*($I41/1000)+D$19*(($I41/1000)-($D$8/1000))*(($I41/1000)>($D$8/1000))+D$20*(($I41/1000)-($D$9/1000))*(($I41/1000)>($D$9/1000))+D$21*(($I41/1000)-($D$10/1000))*(($I41/1000)>($D$10/1000))+D$22*(($I41/1000)-($D$11/1000))*(($I41/1000)>($D$11/1000)) -> -118.404 | K41: =E$29*($I41/1000)+E$19*(($I41/1000)-($D$8/1000))*(($I41/1000)>($D$8/1000))+E$20*(($I41/1000)-($D$9/1000))*(($I41/1000)>($D$9/1000))+E$21*(($I41/1000)-($D$10/1000))*(($I41/1000)>($D$10/1000))+E$22*(($I41/1000)-($D$11/1000))*(($I41/1000)>($D$11/1000)) -> 0 | L41: =SQRT((J41^2)+(K41^2)) -> 118.404
C42: Moment at location | D42: =INDEX(L:L,MATCH(D41,I:I,0)) -> 698.28 | E42: =IF($D$4="English","*10^3 in-lbf", "*10^3 Nmm") -> *10^3 Nmm | I42: =IF((ROW(A40)*$F$2)<=$D$5, ROW(A40)*$F$2,NA()) -> 40 | J42: =D$29*($I42/1000)+D$19*(($I42/1000)-($D$8/1000))*(($I42/1000)>($D$8/1000))+D$20*(($I42/1000)-($D$9/1000))*(($I42/1000)>($D$9/1000))+D$21*(($I42/1000)-($D$10/1000))*(($I42/1000)>($D$10/1000))+D$22*(($I42/1000)-($D$11/1000))*(($I42/1000)>($D$11/1000)) -> -121.44 | K42: =E$29*($I42/1000)+E$19*(($I42/1000)-($D$8/1000))*(($I42/1000)>($D$8/1000))+E$20*(($I42/1000)-($D$9/1000))*(($I42/1000)>($D$9/1000))+E$21*(($I42/1000)-($D$10/1000))*(($I42/1000)>($D$10/1000))+E$22*(($I42/1000)-($D$11/1000))*(($I42/1000)>($D$11/1000)) -> 0 | L42: =SQRT((J42^2)+(K42^2)) -> 121.44
I43: =IF((ROW(A41)*$F$2)<=$D$5, ROW(A41)*$F$2,NA()) -> 41 | J43: =D$29*($I43/1000)+D$19*(($I43/1000)-($D$8/1000))*(($I43/1000)>($D$8/1000))+D$20*(($I43/1000)-($D$9/1000))*(($I43/1000)>($D$9/1000))+D$21*(($I43/1000)-($D$10/1000))*(($I43/1000)>($D$10/1000))+D$22*(($I43/1000)-($D$11/1000))*(($I43/1000)>($D$11/1000)) -> -124.476 | K43: =E$29*($I43/1000)+E$19*(($I43/1000)-($D$8/1000))*(($I43/1000)>($D$8/1000))+E$20*(($I43/1000)-($D$9/1000))*(($I43/1000)>($D$9/1000))+E$21*(($I43/1000)-($D$10/1000))*(($I43/1000)>($D$10/1000))+E$22*(($I43/1000)-($D$11/1000))*(($I43/1000)>($D$11/1000)) -> 0 | L43: =SQRT((J43^2)+(K43^2)) -> 124.476
C44: CB shoulder location | D44: 810 | E44: =IF($D$4="English","in", "mm") -> mm | I44: =IF((ROW(A42)*$F$2)<=$D$5, ROW(A42)*$F$2,NA()) -> 42 | J44: =D$29*($I44/1000)+D$19*(($I44/1000)-($D$8/1000))*(($I44/1000)>($D$8/1000))+D$20*(($I44/1000)-($D$9/1000))*(($I44/1000)>($D$9/1000))+D$21*(($I44/1000)-($D$10/1000))*(($I44/1000)>($D$10/1000))+D$22*(($I44/1000)-($D$11/1000))*(($I44/1000)>($D$11/1000)) -> -127.512 | K44: =E$29*($I44/1000)+E$19*(($I44/1000)-($D$8/1000))*(($I44/1000)>($D$8/1000))+E$20*(($I44/1000)-($D$9/1000))*(($I44/1000)>($D$9/1000))+E$21*(($I44/1000)-($D$10/1000))*(($I44/1000)>($D$10/1000))+E$22*(($I44/1000)-($D$11/1000))*(($I44/1000)>($D$11/1000)) -> 0 | L44: =SQRT((J44^2)+(K44^2)) -> 127.512
C45: Moment at location | D45: =INDEX(L:L,MATCH(D44,I:I,0)) -> 538.2 | E45: =IF($D$4="English","*10^3 in-lbf", "*10^3 Nmm") -> *10^3 Nmm | I45: =IF((ROW(A43)*$F$2)<=$D$5, ROW(A43)*$F$2,NA()) -> 43 | J45: =D$29*($I45/1000)+D$19*(($I45/1000)-($D$8/1000))*(($I45/1000)>($D$8/1000))+D$20*(($I45/1000)-($D$9/1000))*(($I45/1000)>($D$9/1000))+D$21*(($I45/1000)-($D$10/1000))*(($I45/1000)>($D$10/1000))+D$22*(($I45/1000)-($D$11/1000))*(($I45/1000)>($D$11/1000)) -> -130.548 | K45: =E$29*($I45/1000)+E$19*(($I45/1000)-($D$8/1000))*(($I45/1000)>($D$8/1000))+E$20*(($I45/1000)-($D$9/1000))*(($I45/1000)>($D$9/1000))+E$21*(($I45/1000)-($D$10/1000))*(($I45/1000)>($D$10/1000))+E$22*(($I45/1000)-($D$11/1000))*(($I45/1000)>($D$11/1000)) -> 0 | L45: =SQRT((J45^2)+(K45^2)) -> 130.548
I46: =IF((ROW(A44)*$F$2)<=$D$5, ROW(A44)*$F$2,NA()) -> 44 | J46: =D$29*($I46/1000)+D$19*(($I46/1000)-($D$8/1000))*(($I46/1000)>($D$8/1000))+D$20*(($I46/1000)-($D$9/1000))*(($I46/1000)>($D$9/1000))+D$21*(($I46/1000)-($D$10/1000))*(($I46/1000)>($D$10/1000))+D$22*(($I46/1000)-($D$11/1000))*(($I46/1000)>($D$11/1000)) -> -133.584 | K46: =E$29*($I46/1000)+E$19*(($I46/1000)-($D$8/1000))*(($I46/1000)>($D$8/1000))+E$20*(($I46/1000)-($D$9/1000))*(($I46/1000)>($D$9/1000))+E$21*(($I46/1000)-($D$10/1000))*(($I46/1000)>($D$10/1000))+E$22*(($I46/1000)-($D$11/1000))*(($I46/1000)>($D$11/1000)) -> 0 | L46: =SQRT((J46^2)+(K46^2)) -> 133.584
I47: =IF((ROW(A45)*$F$2)<=$D$5, ROW(A45)*$F$2,NA()) -> 45 | J47: =D$29*($I47/1000)+D$19*(($I47/1000)-($D$8/1000))*(($I47/1000)>($D$8/1000))+D$20*(($I47/1000)-($D$9/1000))*(($I47/1000)>($D$9/1000))+D$21*(($I47/1000)-($D$10/1000))*(($I47/1000)>($D$10/1000))+D$22*(($I47/1000)-($D$11/1000))*(($I47/1000)>($D$11/1000)) -> -136.62 | K47: =E$29*($I47/1000)+E$19*(($I47/1000)-($D$8/1000))*(($I47/1000)>($D$8/1000))+E$20*(($I47/1000)-($D$9/1000))*(($I47/1000)>($D$9/1000))+E$21*(($I47/1000)-($D$10/1000))*(($I47/1000)>($D$10/1000))+E$22*(($I47/1000)-($D$11/1000))*(($I47/1000)>($D$11/1000)) -> 0 | L47: =SQRT((J47^2)+(K47^2)) -> 136.62
I48: =IF((ROW(A46)*$F$2)<=$D$5, ROW(A46)*$F$2,NA()) -> 46 | J48: =D$29*($I48/1000)+D$19*(($I48/1000)-($D$8/1000))*(($I48/1000)>($D$8/1000))+D$20*(($I48/1000)-($D$9/1000))*(($I48/1000)>($D$9/1000))+D$21*(($I48/1000)-($D$10/1000))*(($I48/1000)>($D$10/1000))+D$22*(($I48/1000)-($D$11/1000))*(($I48/1000)>($D$11/1000)) -> -139.656 | K48: =E$29*($I48/1000)+E$19*(($I48/1000)-($D$8/1000))*(($I48/1000)>($D$8/1000))+E$20*(($I48/1000)-($D$9/1000))*(($I48/1000)>($D$9/1000))+E$21*(($I48/1000)-($D$10/1000))*(($I48/1000)>($D$10/1000))+E$22*(($I48/1000)-($D$11/1000))*(($I48/1000)>($D$11/1000)) -> 0 | L48: =SQRT((J48^2)+(K48^2)) -> 139.656
I49: =IF((ROW(A47)*$F$2)<=$D$5, ROW(A47)*$F$2,NA()) -> 47 | J49: =D$29*($I49/1000)+D$19*(($I49/1000)-($D$8/1000))*(($I49/1000)>($D$8/1000))+D$20*(($I49/1000)-($D$9/1000))*(($I49/1000)>($D$9/1000))+D$21*(($I49/1000)-($D$10/1000))*(($I49/1000)>($D$10/1000))+D$22*(($I49/1000)-($D$11/1000))*(($I49/1000)>($D$11/1000)) -> -142.692 | K49: =E$29*($I49/1000)+E$19*(($I49/1000)-($D$8/1000))*(($I49/1000)>($D$8/1000))+E$20*(($I49/1000)-($D$9/1000))*(($I49/1000)>($D$9/1000))+E$21*(($I49/1000)-($D$10/1000))*(($I49/1000)>($D$10/1000))+E$22*(($I49/1000)-($D$11/1000))*(($I49/1000)>($D$11/1000)) -> 0 | L49: =SQRT((J49^2)+(K49^2)) -> 142.692
I50: =IF((ROW(A48)*$F$2)<=$D$5, ROW(A48)*$F$2,NA()) -> 48 | J50: =D$29*($I50/1000)+D$19*(($I50/1000)-($D$8/1000))*(($I50/1000)>($D$8/1000))+D$20*(($I50/1000)-($D$9/1000))*(($I50/1000)>($D$9/1000))+D$21*(($I50/1000)-($D$10/1000))*(($I50/1000)>($D$10/1000))+D$22*(($I50/1000)-($D$11/1000))*(($I50/1000)>($D$11/1000)) -> -145.728 | K50: =E$29*($I50/1000)+E$19*(($I50/1000)-($D$8/1000))*(($I50/1000)>($D$8/1000))+E$20*(($I50/1000)-($D$9/1000))*(($I50/1000)>($D$9/1000))+E$21*(($I50/1000)-($D$10/1000))*(($I50/1000)>($D$10/1000))+E$22*(($I50/1000)-($D$11/1000))*(($I50/1000)>($D$11/1000)) -> 0 | L50: =SQRT((J50^2)+(K50^2)) -> 145.728
I51: =IF((ROW(A49)*$F$2)<=$D$5, ROW(A49)*$F$2,NA()) -> 49 | J51: =D$29*($I51/1000)+D$19*(($I51/1000)-($D$8/1000))*(($I51/1000)>($D$8/1000))+D$20*(($I51/1000)-($D$9/1000))*(($I51/1000)>($D$9/1000))+D$21*(($I51/1000)-($D$10/1000))*(($I51/1000)>($D$10/1000))+D$22*(($I51/1000)-($D$11/1000))*(($I51/1000)>($D$11/1000)) -> -148.764 | K51: =E$29*($I51/1000)+E$19*(($I51/1000)-($D$8/1000))*(($I51/1000)>($D$8/1000))+E$20*(($I51/1000)-($D$9/1000))*(($I51/1000)>($D$9/1000))+E$21*(($I51/1000)-($D$10/1000))*(($I51/1000)>($D$10/1000))+E$22*(($I51/1000)-($D$11/1000))*(($I51/1000)>($D$11/1000)) -> 0 | L51: =SQRT((J51^2)+(K51^2)) -> 148.764
I52: =IF((ROW(A50)*$F$2)<=$D$5, ROW(A50)*$F$2,NA()) -> 50 | J52: =D$29*($I52/1000)+D$19*(($I52/1000)-($D$8/1000))*(($I52/1000)>($D$8/1000))+D$20*(($I52/1000)-($D$9/1000))*(($I52/1000)>($D$9/1000))+D$21*(($I52/1000)-($D$10/1000))*(($I52/1000)>($D$10/1000))+D$22*(($I52/1000)-($D$11/1000))*(($I52/1000)>($D$11/1000)) -> -151.8 | K52: =E$29*($I52/1000)+E$19*(($I52/1000)-($D$8/1000))*(($I52/1000)>($D$8/1000))+E$20*(($I52/1000)-($D$9/1000))*(($I52/1000)>($D$9/1000))+E$21*(($I52/1000)-($D$10/1000))*(($I52/1000)>($D$10/1000))+E$22*(($I52/1000)-($D$11/1000))*(($I52/1000)>($D$11/1000)) -> 0 | L52: =SQRT((J52^2)+(K52^2)) -> 151.8
I53: =IF((ROW(A51)*$F$2)<=$D$5, ROW(A51)*$F$2,NA()) -> 51 | J53: =D$29*($I53/1000)+D$19*(($I53/1000)-($D$8/1000))*(($I53/1000)>($D$8/1000))+D$20*(($I53/1000)-($D$9/1000))*(($I53/1000)>($D$9/1000))+D$21*(($I53/1000)-($D$10/1000))*(($I53/1000)>($D$10/1000))+D$22*(($I53/1000)-($D$11/1000))*(($I53/1000)>($D$11/1000)) -> -154.836 | K53: =E$29*($I53/1000)+E$19*(($I53/1000)-($D$8/1000))*(($I53/1000)>($D$8/1000))+E$20*(($I53/1000)-($D$9/1000))*(($I53/1000)>($D$9/1000))+E$21*(($I53/1000)-($D$10/1000))*(($I53/1000)>($D$10/1000))+E$22*(($I53/1000)-($D$11/1000))*(($I53/1000)>($D$11/1000)) -> 0 | L53: =SQRT((J53^2)+(K53^2)) -> 154.836
I54: =IF((ROW(A52)*$F$2)<=$D$5, ROW(A52)*$F$2,NA()) -> 52 | J54: =D$29*($I54/1000)+D$19*(($I54/1000)-($D$8/1000))*(($I54/1000)>($D$8/1000))+D$20*(($I54/1000)-($D$9/1000))*(($I54/1000)>($D$9/1000))+D$21*(($I54/1000)-($D$10/1000))*(($I54/1000)>($D$10/1000))+D$22*(($I54/1000)-($D$11/1000))*(($I54/1000)>($D$11/1000)) -> -157.872 | K54: =E$29*($I54/1000)+E$19*(($I54/1000)-($D$8/1000))*(($I54/1000)>($D$8/1000))+E$20*(($I54/1000)-($D$9/1000))*(($I54/1000)>($D$9/1000))+E$21*(($I54/1000)-($D$10/1000))*(($I54/1000)>($D$10/1000))+E$22*(($I54/1000)-($D$11/1000))*(($I54/1000)>($D$11/1000)) -> 0 | L54: =SQRT((J54^2)+(K54^2)) -> 157.872
I55: =IF((ROW(A53)*$F$2)<=$D$5, ROW(A53)*$F$2,NA()) -> 53 | J55: =D$29*($I55/1000)+D$19*(($I55/1000)-($D$8/1000))*(($I55/1000)>($D$8/1000))+D$20*(($I55/1000)-($D$9/1000))*(($I55/1000)>($D$9/1000))+D$21*(($I55/1000)-($D$10/1000))*(($I55/1000)>($D$10/1000))+D$22*(($I55/1000)-($D$11/1000))*(($I55/1000)>($D$11/1000)) -> -160.908 | K55: =E$29*($I55/1000)+E$19*(($I55/1000)-($D$8/1000))*(($I55/1000)>($D$8/1000))+E$20*(($I55/1000)-($D$9/1000))*(($I55/1000)>($D$9/1000))+E$21*(($I55/1000)-($D$10/1000))*(($I55/1000)>($D$10/1000))+E$22*(($I55/1000)-($D$11/1000))*(($I55/1000)>($D$11/1000)) -> 0 | L55: =SQRT((J55^2)+(K55^2)) -> 160.908
I56: =IF((ROW(A54)*$F$2)<=$D$5, ROW(A54)*$F$2,NA()) -> 54 | J56: =D$29*($I56/1000)+D$19*(($I56/1000)-($D$8/1000))*(($I56/1000)>($D$8/1000))+D$20*(($I56/1000)-($D$9/1000))*(($I56/1000)>($D$9/1000))+D$21*(($I56/1000)-($D$10/1000))*(($I56/1000)>($D$10/1000))+D$22*(($I56/1000)-($D$11/1000))*(($I56/1000)>($D$11/1000)) -> -163.944 | K56: =E$29*($I56/1000)+E$19*(($I56/1000)-($D$8/1000))*(($I56/1000)>($D$8/1000))+E$20*(($I56/1000)-($D$9/1000))*(($I56/1000)>($D$9/1000))+E$21*(($I56/1000)-($D$10/1000))*(($I56/1000)>($D$10/1000))+E$22*(($I56/1000)-($D$11/1000))*(($I56/1000)>($D$11/1000)) -> 0 | L56: =SQRT((J56^2)+(K56^2)) -> 163.944
I57: =IF((ROW(A55)*$F$2)<=$D$5, ROW(A55)*$F$2,NA()) -> 55 | J57: =D$29*($I57/1000)+D$19*(($I57/1000)-($D$8/1000))*(($I57/1000)>($D$8/1000))+D$20*(($I57/1000)-($D$9/1000))*(($I57/1000)>($D$9/1000))+D$21*(($I57/1000)-($D$10/1000))*(($I57/1000)>($D$10/1000))+D$22*(($I57/1000)-($D$11/1000))*(($I57/1000)>($D$11/1000)) -> -166.98 | K57: =E$29*($I57/1000)+E$19*(($I57/1000)-($D$8/1000))*(($I57/1000)>($D$8/1000))+E$20*(($I57/1000)-($D$9/1000))*(($I57/1000)>($D$9/1000))+E$21*(($I57/1000)-($D$10/1000))*(($I57/1000)>($D$10/1000))+E$22*(($I57/1000)-($D$11/1000))*(($I57/1000)>($D$11/1000)) -> 0 | L57: =SQRT((J57^2)+(K57^2)) -> 166.98
... I86: =IF((ROW(A84)*$F$2)<=$D$5, ROW(A84)*$F$2,NA()) -> 84 | J86: =D$29*($I86/1000)+D$19*(($I86/1000)-($D$8/1000))*(($I86/1000)>($D$8/1000))+D$20*(($I86/1000)-($D$9/1000))*(($I86/1000)>($D$9/1000))+D$21*(($I86/1000)-($D$10/1000))*(($I86/1000)>($D$10/1000))+D$22*(($I86/1000)-($D$11/1000))*(($I86/1000)>($D$11/1000)) -> -255.024 | K86: =E$29*($I86/1000)+E$19*(($I86/1000)-($D$8/1000))*(($I86/1000)>($D$8/1000))+E$20*(($I86/1000)-($D$9/1000))*(($I86/1000)>($D$9/1000))+E$21*(($I86/1000)-($D$10/1000))*(($I86/1000)>($D$10/1000))+E$22*(($I86/1000)-($D$11/1000))*(($I86/1000)>($D$11/1000)) -> 0 | L86: =SQRT((J86^2)+(K86^2)) -> 255.024
G87: - | I87: =IF((ROW(A85)*$F$2)<=$D$5, ROW(A85)*$F$2,NA()) -> 85 | J87: =D$29*($I87/1000)+D$19*(($I87/1000)-($D$8/1000))*(($I87/1000)>($D$8/1000))+D$20*(($I87/1000)-($D$9/1000))*(($I87/1000)>($D$9/1000))+D$21*(($I87/1000)-($D$10/1000))*(($I87/1000)>($D$10/1000))+D$22*(($I87/1000)-($D$11/1000))*(($I87/1000)>($D$11/1000)) -> -258.06 | K87: =E$29*($I87/1000)+E$19*(($I87/1000)-($D$8/1000))*(($I87/1000)>($D$8/1000))+E$20*(($I87/1000)-($D$9/1000))*(($I87/1000)>($D$9/1000))+E$21*(($I87/1000)-($D$10/1000))*(($I87/1000)>($D$10/1000))+E$22*(($I87/1000)-($D$11/1000))*(($I87/1000)>($D$11/1000)) -> 0 | L87: =SQRT((J87^2)+(K87^2)) -> 258.06
I88: =IF((ROW(A86)*$F$2)<=$D$5, ROW(A86)*$F$2,NA()) -> 86 | J88: =D$29*($I88/1000)+D$19*(($I88/1000)-($D$8/1000))*(($I88/1000)>($D$8/1000))+D$20*(($I88/1000)-($D$9/1000))*(($I88/1000)>($D$9/1000))+D$21*(($I88/1000)-($D$10/1000))*(($I88/1000)>($D$10/1000))+D$22*(($I88/1000)-($D$11/1000))*(($I88/1000)>($D$11/1000)) -> -261.096 | K88: =E$29*($I88/1000)+E$19*(($I88/1000)-($D$8/1000))*(($I88/1000)>($D$8/1000))+E$20*(($I88/1000)-($D$9/1000))*(($I88/1000)>($D$9/1000))+E$21*(($I88/1000)-($D$10/1000))*(($I88/1000)>($D$10/1000))+E$22*(($I88/1000)-($D$11/1000))*(($I88/1000)>($D$11/1000)) -> 0 | L88: =SQRT((J88^2)+(K88^2)) -> 261.096
I89: =IF((ROW(A87)*$F$2)<=$D$5, ROW(A87)*$F$2,NA()) -> 87 | J89: =D$29*($I89/1000)+D$19*(($I89/1000)-($D$8/1000))*(($I89/1000)>($D$8/1000))+D$20*(($I89/1000)-($D$9/1000))*(($I89/1000)>($D$9/1000))+D$21*(($I89/1000)-($D$10/1000))*(($I89/1000)>($D$10/1000))+D$22*(($I89/1000)-($D$11/1000))*(($I89/1000)>($D$11/1000)) -> -264.132 | K89: =E$29*($I89/1000)+E$19*(($I89/1000)-($D$8/1000))*(($I89/1000)>($D$8/1000))+E$20*(($I89/1000)-($D$9/1000))*(($I89/1000)>($D$9/1000))+E$21*(($I89/1000)-($D$10/1000))*(($I89/1000)>($D$10/1000))+E$22*(($I89/1000)-($D$11/1000))*(($I89/1000)>($D$11/1000)) -> 0 | L89: =SQRT((J89^2)+(K89^2)) -> 264.132
I90: =IF((ROW(A88)*$F$2)<=$D$5, ROW(A88)*$F$2,NA()) -> 88 | J90: =D$29*($I90/1000)+D$19*(($I90/1000)-($D$8/1000))*(($I90/1000)>($D$8/1000))+D$20*(($I90/1000)-($D$9/1000))*(($I90/1000)>($D$9/1000))+D$21*(($I90/1000)-($D$10/1000))*(($I90/1000)>($D$10/1000))+D$22*(($I90/1000)-($D$11/1000))*(($I90/1000)>($D$11/1000)) -> -267.168 | K90: =E$29*($I90/1000)+E$19*(($I90/1000)-($D$8/1000))*(($I90/1000)>($D$8/1000))+E$20*(($I90/1000)-($D$9/1000))*(($I90/1000)>($D$9/1000))+E$21*(($I90/1000)-($D$10/1000))*(($I90/1000)>($D$10/1000))+E$22*(($I90/1000)-($D$11/1000))*(($I90/1000)>($D$11/1000)) -> 0 | L90: =SQRT((J90^2)+(K90^2)) -> 267.168
I91: =IF((ROW(A89)*$F$2)<=$D$5, ROW(A89)*$F$2,NA()) -> 89 | J91: =D$29*($I91/1000)+D$19*(($I91/1000)-($D$8/1000))*(($I91/1000)>($D$8/1000))+D$20*(($I91/1000)-($D$9/1000))*(($I91/1000)>($D$9/1000))+D$21*(($I91/1000)-($D$10/1000))*(($I91/1000)>($D$10/1000))+D$22*(($I91/1000)-($D$11/1000))*(($I91/1000)>($D$11/1000)) -> -270.204 | K91: =E$29*($I91/1000)+E$19*(($I91/1000)-($D$8/1000))*(($I91/1000)>($D$8/1000))+E$20*(($I91/1000)-($D$9/1000))*(($I91/1000)>($D$9/1000))+E$21*(($I91/1000)-($D$10/1000))*(($I91/1000)>($D$10/1000))+E$22*(($I91/1000)-($D$11/1000))*(($I91/1000)>($D$11/1000)) -> 0 | L91: =SQRT((J91^2)+(K91^2)) -> 270.204
I92: =IF((ROW(A90)*$F$2)<=$D$5, ROW(A90)*$F$2,NA()) -> 90 | J92: =D$29*($I92/1000)+D$19*(($I92/1000)-($D$8/1000))*(($I92/1000)>($D$8/1000))+D$20*(($I92/1000)-($D$9/1000))*(($I92/1000)>($D$9/1000))+D$21*(($I92/1000)-($D$10/1000))*(($I92/1000)>($D$10/1000))+D$22*(($I92/1000)-($D$11/1000))*(($I92/1000)>($D$11/1000)) -> -273.24 | K92: =E$29*($I92/1000)+E$19*(($I92/1000)-($D$8/1000))*(($I92/1000)>($D$8/1000))+E$20*(($I92/1000)-($D$9/1000))*(($I92/1000)>($D$9/1000))+E$21*(($I92/1000)-($D$10/1000))*(($I92/1000)>($D$10/1000))+E$22*(($I92/1000)-($D$11/1000))*(($I92/1000)>($D$11/1000)) -> 0 | L92: =SQRT((J92^2)+(K92^2)) -> 273.24
I93: =IF((ROW(A91)*$F$2)<=$D$5, ROW(A91)*$F$2,NA()) -> 91 | J93: =D$29*($I93/1000)+D$19*(($I93/1000)-($D$8/1000))*(($I93/1000)>($D$8/1000))+D$20*(($I93/1000)-($D$9/1000))*(($I93/1000)>($D$9/1000))+D$21*(($I93/1000)-($D$10/1000))*(($I93/1000)>($D$10/1000))+D$22*(($I93/1000)-($D$11/1000))*(($I93/1000)>($D$11/1000)) -> -276.276 | K93: =E$29*($I93/1000)+E$19*(($I93/1000)-($D$8/1000))*(($I93/1000)>($D$8/1000))+E$20*(($I93/1000)-($D$9/1000))*(($I93/1000)>($D$9/1000))+E$21*(($I93/1000)-($D$10/1000))*(($I93/1000)>($D$10/1000))+E$22*(($I93/1000)-($D$11/1000))*(($I93/1000)>($D$11/1000)) -> 0 | L93: =SQRT((J93^2)+(K93^2)) -> 276.276
I94: =IF((ROW(A92)*$F$2)<=$D$5, ROW(A92)*$F$2,NA()) -> 92 | J94: =D$29*($I94/1000)+D$19*(($I94/1000)-($D$8/1000))*(($I94/1000)>($D$8/1000))+D$20*(($I94/1000)-($D$9/1000))*(($I94/1000)>($D$9/1000))+D$21*(($I94/1000)-($D$10/1000))*(($I94/1000)>($D$10/1000))+D$22*(($I94/1000)-($D$11/1000))*(($I94/1000)>($D$11/1000)) -> -279.312 | K94: =E$29*($I94/1000)+E$19*(($I94/1000)-($D$8/1000))*(($I94/1000)>($D$8/1000))+E$20*(($I94/1000)-($D$9/1000))*(($I94/1000)>($D$9/1000))+E$21*(($I94/1000)-($D$10/1000))*(($I94/1000)>($D$10/1000))+E$22*(($I94/1000)-($D$11/1000))*(($I94/1000)>($D$11/1000)) -> 0 | L94: =SQRT((J94^2)+(K94^2)) -> 279.312
I95: =IF((ROW(A93)*$F$2)<=$D$5, ROW(A93)*$F$2,NA()) -> 93 | J95: =D$29*($I95/1000)+D$19*(($I95/1000)-($D$8/1000))*(($I95/1000)>($D$8/1000))+D$20*(($I95/1000)-($D$9/1000))*(($I95/1000)>($D$9/1000))+D$21*(($I95/1000)-($D$10/1000))*(($I95/1000)>($D$10/1000))+D$22*(($I95/1000)-($D$11/1000))*(($I95/1000)>($D$11/1000)) -> -282.348 | K95: =E$29*($I95/1000)+E$19*(($I95/1000)-($D$8/1000))*(($I95/1000)>($D$8/1000))+E$20*(($I95/1000)-($D$9/1000))*(($I95/1000)>($D$9/1000))+E$21*(($I95/1000)-($D$10/1000))*(($I95/1000)>($D$10/1000))+E$22*(($I95/1000)-($D$11/1000))*(($I95/1000)>($D$11/1000)) -> 0 | L95: =SQRT((J95^2)+(K95^2)) -> 282.348
I96: =IF((ROW(A94)*$F$2)<=$D$5, ROW(A94)*$F$2,NA()) -> 94 | J96: =D$29*($I96/1000)+D$19*(($I96/1000)-($D$8/1000))*(($I96/1000)>($D$8/1000))+D$20*(($I96/1000)-($D$9/1000))*(($I96/1000)>($D$9/1000))+D$21*(($I96/1000)-($D$10/1000))*(($I96/1000)>($D$10/1000))+D$22*(($I96/1000)-($D$11/1000))*(($I96/1000)>($D$11/1000)) -> -285.384 | K96: =E$29*($I96/1000)+E$19*(($I96/1000)-($D$8/1000))*(($I96/1000)>($D$8/1000))+E$20*(($I96/1000)-($D$9/1000))*(($I96/1000)>($D$9/1000))+E$21*(($I96/1000)-($D$10/1000))*(($I96/1000)>($D$10/1000))+E$22*(($I96/1000)-($D$11/1000))*(($I96/1000)>($D$11/1000)) -> 0 | L96: =SQRT((J96^2)+(K96^2)) -> 285.384
I97: =IF((ROW(A95)*$F$2)<=$D$5, ROW(A95)*$F$2,NA()) -> 95 | J97: =D$29*($I97/1000)+D$19*(($I97/1000)-($D$8/1000))*(($I97/1000)>($D$8/1000))+D$20*(($I97/1000)-($D$9/1000))*(($I97/1000)>($D$9/1000))+D$21*(($I97/1000)-($D$10/1000))*(($I97/1000)>($D$10/1000))+D$22*(($I97/1000)-($D$11/1000))*(($I97/1000)>($D$11/1000)) -> -288.42 | K97: =E$29*($I97/1000)+E$19*(($I97/1000)-($D$8/1000))*(($I97/1000)>($D$8/1000))+E$20*(($I97/1000)-($D$9/1000))*(($I97/1000)>($D$9/1000))+E$21*(($I97/1000)-($D$10/1000))*(($I97/1000)>($D$10/1000))+E$22*(($I97/1000)-($D$11/1000))*(($I97/1000)>($D$11/1000)) -> 0 | L97: =SQRT((J97^2)+(K97^2)) -> 288.42
I98: =IF((ROW(A96)*$F$2)<=$D$5, ROW(A96)*$F$2,NA()) -> 96 | J98: =D$29*($I98/1000)+D$19*(($I98/1000)-($D$8/1000))*(($I98/1000)>($D$8/1000))+D$20*(($I98/1000)-($D$9/1000))*(($I98/1000)>($D$9/1000))+D$21*(($I98/1000)-($D$10/1000))*(($I98/1000)>($D$10/1000))+D$22*(($I98/1000)-($D$11/1000))*(($I98/1000)>($D$11/1000)) -> -291.456 | K98: =E$29*($I98/1000)+E$19*(($I98/1000)-($D$8/1000))*(($I98/1000)>($D$8/1000))+E$20*(($I98/1000)-($D$9/1000))*(($I98/1000)>($D$9/1000))+E$21*(($I98/1000)-($D$10/1000))*(($I98/1000)>($D$10/1000))+E$22*(($I98/1000)-($D$11/1000))*(($I98/1000)>($D$11/1000)) -> 0 | L98: =SQRT((J98^2)+(K98^2)) -> 291.456
I99: =IF((ROW(A97)*$F$2)<=$D$5, ROW(A97)*$F$2,NA()) -> 97 | J99: =D$29*($I99/1000)+D$19*(($I99/1000)-($D$8/1000))*(($I99/1000)>($D$8/1000))+D$20*(($I99/1000)-($D$9/1000))*(($I99/1000)>($D$9/1000))+D$21*(($I99/1000)-($D$10/1000))*(($I99/1000)>($D$10/1000))+D$22*(($I99/1000)-($D$11/1000))*(($I99/1000)>($D$11/1000)) -> -294.492 | K99: =E$29*($I99/1000)+E$19*(($I99/1000)-($D$8/1000))*(($I99/1000)>($D$8/1000))+E$20*(($I99/1000)-($D$9/1000))*(($I99/1000)>($D$9/1000))+E$21*(($I99/1000)-($D$10/1000))*(($I99/1000)>($D$10/1000))+E$22*(($I99/1000)-($D$11/1000))*(($I99/1000)>($D$11/1000)) -> 0 | L99: =SQRT((J99^2)+(K99^2)) -> 294.492
... I1002: =IF((ROW(A1000)*$F$2)<=$D$5, ROW(A1000)*$F$2,NA()) -> #N/A | J1002: =D$29*($I1002/1000)+D$19*(($I1002/1000)-($D$8/1000))*(($I1002/1000)>($D$8/1000))+D$20*(($I1002/1000)-($D$9/1000))*(($I1002/1000)>($D$9/1000))+D$21*(($I1002/1000)-($D$10/1000))*(($I1002/1000)>($D$10/1000))+D$22*(($I1002/1000)-($D$11/1000))*(($I1002/1000)>($D$11/1000)) -> #N/A | K1002: =E$29*($I1002/1000)+E$19*(($I1002/1000)-($D$8/1000))*(($I1002/1000)>($D$8/1000))+E$20*(($I1002/1000)-($D$9/1000))*(($I1002/1000)>($D$9/1000))+E$21*(($I1002/1000)-($D$10/1000))*(($I1002/1000)>($D$10/1000))+E$22*(($I1002/1000)-($D$11/1000))*(($I1002/1000)>($D$11/1000)) -> #N/A | L1002: =SQRT((J1002^2)+(K1002^2)) -> #N/A

Sheet Cmb Ld Brgs Sprdsht Quiz 6 P4 O
B2: INPUTS | C2: Units: | D2: Metric | H2: OUTPUTS | S2: Tables
B4: Bearing Design | H4: Initial Rated Load, C10, Fa = 0 | K4: =($C$19*$C$9*C16)*($C$32/($C$29+($C$30-$C$29)*(LN($C$6^-1))^(1/$C$31)))^(1/$C$11) -> 36.600745 | L4: kN | T4: Table 11-6 | Z4: Table 11-2 | AK4: Table 11-1
B5: Bearing Brand | C5: SKF | H5: C10 From Table 11.2, Fa = 0 | K5: =IF($C$7="Deep Groove", SMALL($AF$8:$AF$27,COUNTIF($AF$8:$AF$27,"<"&K4)+1), IF($C$7="Angular", SMALL($AH$8:$AH$27,COUNTIF($AH$8:$AH$27,"<"&K4)+1), IF($C$7="02-Series", SMALL($AC$62:$AC$82,COUNTIF($AC$62:$AC$82,"<"&K4)+1), IF($C$7="03-Series", SMALL($AG$62:$AG$82,COUNTIF($AG$62:$AG$82,"<"&K4)+1), NA())))) -> 43.6 | L5: kN | T5: Manufacturer | U5: Rating Life (revs) | V5: x0 | W5: θ | X5: b | Z5: Bore | AA5: OD | AB5: Width | AC5: Fillet Radius | AD5: Shoulder | AF5: Load Ratings | AK5: Fa/C0 | AL5: e | AM5: Fa/(VFr) <= e | AO5: Fa/(VFr) > e
B6: Design Reliability, RD | C6: =SQRT(0.97) -> 0.98488578 | E6: must be greater than 90% | H6: C0 From Table 11.2, Fa = 0 | K6: =IF($C$7="Deep Groove",VLOOKUP(K5,$AF$8:$AG$27,2,FALSE), IF($C$7="Angular", VLOOKUP(K5,$AH$8:$AI$27,2,FALSE), IF($C$7="02-Series", VLOOKUP(K5,$AC$62:$AD$82,2,FALSE), IF($C$7="03-Series", VLOOKUP(K5,$AG$62:$AH$82,2,FALSE), NA())))) -> 25 | L6: kN | T6: TIMKEN | U6: =90*10^6 -> 90000000 | V6: 0 | W6: 4.48 | X6: 1.5 | AD6: Diameter | AF6: Deep Groove | AH6: Angular | AM6: X1 | AN6: Y1 | AO6: X2 | AP6: Y2
B7: Contact Type | C7: Deep Groove | H7: Fa/C0 | K7: =$C$18/K6 -> 0 | T7: SKF | U7: =1*10^6 -> 1000000 | V7: 0.02 | W7: 4.459 | X7: 1.483 | AD7: ds | AE7: dh | AF7: C10 | AG7: C0 | AH7: C10 | AI7: C0 | AK7: 0.014 | AL7: 0.19 | AM7: 1 | AN7: 0 | AO7: 0.56 | AP7: 2.3
B8: Which Ring Rotates | C8: Outer Ring | Z8: 10 | AA8: 30 | AB8: 9 | AC8: 0.6 | AD8: 12.5 | AE8: 27 | AF8: 5.07 | AG8: 2.24 | AH8: 4.94 | AI8: 2.12 | AK8: 0.021 | AL8: 0.21 | AM8: 1 | AN8: 0 | AO8: 0.56 | AP8: 2.15
B9: Rotating Ring Correction Factor, Vr | C9: =IF(C8="Inner Ring", 1, 1.2) -> 1.2 | H9: Iteration Table for C0 value | Z9: 12 | AA9: 32 | AB9: 10 | AC9: 0.6 | AD9: 14.5 | AE9: 28 | AF9: 6.89 | AG9: 3.1 | AH9: 7.02 | AI9: 3.05 | AK9: 0.028 | AL9: 0.22 | AM9: 1 | AN9: 0 | AO9: 0.56 | AP9: 1.99
B10: Bearing Type | C10: Ball | H10: Itteration # | I10: Fa/C0 | J10: Fa/(VFr) | K10: e | L10: X | M10: Y | N10: FE [kN] | O10: Updated Search C10 [kN] | P10: Updated C10 [kN] | Q10: Updated C0 [kN] | Z10: 15 | AA10: 35 | AB10: 11 | AC10: 0.6 | AD10: 17.5 | AE10: 31 | AF10: 7.8 | AG10: 3.55 | AH10: 8.06 | AI10: 3.65 | AK10: 0.042 | AL10: 0.24 | AM10: 1 | AN10: 0 | AO10: 0.56 | AP10: 1.85
B11: Power Law Exponent, a | C11: =IF(F12,C12,IF(C10="Ball", 3, 10/3)) -> 3 | H11: 0 | I11: =IF($C$18/K6 < 0.014, 0.014, $C$18/K6) -> 0.014 | J11: =$C$18/($C$9*$C$16) -> 0 | K11: =0.506467531924409*(I11)^0.23203728471849 -> 0.18809801 | L11: =IF(J11<=K11,1,0.56) -> 1 | M11: =IF(J11<=K11,0,0.863191147423464*(I11)^(-0.234866270653838)) -> 0 | N11: =L11*$C$9*$C$16 + M11*$C$18 -> 3.6432 | O11: =($C$19*N11)*($C$32/($C$29+($C$30-$C$29)*(LN($C$6^-1))^(1/$C$31)))^(1/$C$11) -> 36.600745 | P11: =IF($C$7="Deep Groove", SMALL($AF$8:$AF$27,COUNTIF($AF$8:$AF$27,"<"&O11)+1), IF($C$7="Angular", SMALL($AH$8:$AH$27,COUNTIF($AH$8:$AH$27,"<"&O11)+1), IF($C$7="02-Series", SMALL($AC$62:$AC$82,COUNTIF($AC$62:$AC$82,"<"&O11)+1), IF($C$7="03-Series", SMALL($AG$62:$AG$82,COUNTIF($AG$62:$AG$82,"<"&O11)+1), NA())))) -> 43.6 | Q11: =IF($C$7="Deep Groove",VLOOKUP(P11,$AF$8:$AG$27,2,FALSE), IF($C$7="Angular", VLOOKUP(P11,$AH$8:$AI$27,2,FALSE), IF($C$7="02-Series", VLOOKUP(P11,$AC$62:$AD$82,2,FALSE), IF($C$7="03-Series", VLOOKUP(P11,$AG$62:$AH$82,2,FALSE), NA())))) -> 25 | Z11: 17 | AA11: 40 | AB11: 12 | AC11: 0.6 | AD11: 19.5 | AE11: 34 | AF11: 9.56 | AG11: 4.5 | AH11: 9.95 | AI11: 4.75 | AK11: 0.056 | AL11: 0.26 | AM11: 1 | AN11: 0 | AO11: 0.56 | AP11: 1.71
E12: Override a | F12: FALSE | H12: 1 | I12: =IF($C$18/Q11 < 0.014, 0.014, $C$18/Q11) -> 0.014 | J12: =$C$18/($C$9*$C$16) -> 0 | K12: =0.506467531924409*(I12)^0.23203728471849 -> 0.18809801 | L12: =IF(J12<=K12,1,0.56) -> 1 | M12: =IF(J12<=K12,0,0.863191147423464*(I12)^(-0.234866270653838)) -> 0 | N12: =L12*$C$9*$C$16 + M12*$C$18 -> 3.6432 | O12: =($C$19*N12)*($C$32/($C$29+($C$30-$C$29)*(LN($C$6^-1))^(1/$C$31)))^(1/$C$11) -> 36.600745 | P12: =IF($C$7="Deep Groove", SMALL($AF$8:$AF$27,COUNTIF($AF$8:$AF$27,"<"&O12)+1), IF($C$7="Angular", SMALL($AH$8:$AH$27,COUNTIF($AH$8:$AH$27,"<"&O12)+1), IF($C$7="02-Series", SMALL($AC$62:$AC$82,COUNTIF($AC$62:$AC$82,"<"&O12)+1), IF($C$7="03-Series", SMALL($AG$62:$AG$82,COUNTIF($AG$62:$AG$82,"<"&O12)+1), NA())))) -> 43.6 | Q12: =IF($C$7="Deep Groove",VLOOKUP(P12,$AF$8:$AG$27,2,FALSE), IF($C$7="Angular", VLOOKUP(P12,$AH$8:$AI$27,2,FALSE), IF($C$7="02-Series", VLOOKUP(P12,$AC$62:$AD$82,2,FALSE), IF($C$7="03-Series", VLOOKUP(P12,$AG$62:$AH$82,2,FALSE), NA())))) -> 25 | Z12: 20 | AA12: 47 | AB12: 14 | AC12: 1 | AD12: 25 | AE12: 41 | AF12: 12.7 | AG12: 6.2 | AH12: 13.3 | AI12: 6.55 | AK12: 0.07 | AL12: 0.27 | AM12: 1 | AN12: 0 | AO12: 0.56 | AP12: 1.63
H13: 2 | I13: =IF($C$18/Q12 < 0.014, 0.014, $C$18/Q12) -> 0.014 | J13: =$C$18/($C$9*$C$16) -> 0 | K13: =0.506467531924409*(I13)^0.23203728471849 -> 0.18809801 | L13: =IF(J13<=K13,1,0.56) -> 1 | M13: =IF(J13<=K13,0,0.863191147423464*(I13)^(-0.234866270653838)) -> 0 | N13: =L13*$C$9*$C$16 + M13*$C$18 -> 3.6432 | O13: =($C$19*N13)*($C$32/($C$29+($C$30-$C$29)*(LN($C$6^-1))^(1/$C$31)))^(1/$C$11) -> 36.600745 | P13: =IF($C$7="Deep Groove", SMALL($AF$8:$AF$27,COUNTIF($AF$8:$AF$27,"<"&O13)+1), IF($C$7="Angular", SMALL($AH$8:$AH$27,COUNTIF($AH$8:$AH$27,"<"&O13)+1), IF($C$7="02-Series", SMALL($AC$62:$AC$82,COUNTIF($AC$62:$AC$82,"<"&O13)+1), IF($C$7="03-Series", SMALL($AG$62:$AG$82,COUNTIF($AG$62:$AG$82,"<"&O13)+1), NA())))) -> 43.6 | Q13: =IF($C$7="Deep Groove",VLOOKUP(P13,$AF$8:$AG$27,2,FALSE), IF($C$7="Angular", VLOOKUP(P13,$AH$8:$AI$27,2,FALSE), IF($C$7="02-Series", VLOOKUP(P13,$AC$62:$AD$82,2,FALSE), IF($C$7="03-Series", VLOOKUP(P13,$AG$62:$AH$82,2,FALSE), NA())))) -> 25 | Z13: 25 | AA13: 52 | AB13: 15 | AC13: 1 | AD13: 30 | AE13: 47 | AF13: 14 | AG13: 6.95 | AH13: 14.8 | AI13: 7.65 | AK13: 0.084 | AL13: 0.28 | AM13: 1 | AN13: 0 | AO13: 0.56 | AP13: 1.55
